username,gender,institution_name,exam_topic_name,complaint_status,year,total_score,is_disqualified,is_absent,supervisor_report,status,pass_fail,score_vs_pass_mark,percentile_by_topic,rank_in_topic,rank_in_institution_by_topic
euee14519218,Male,HILCOE SCHOOL OF COMPUTER SCIENCE & TECHNOLOGY,Software Engineering,1,2018 End Year,77.5,0,0,0,Pass,Pass,27.5,90.12,21,14
euee14519318,Male,HILCOE SCHOOL OF COMPUTER SCIENCE & TECHNOLOGY,Software Engineering,1,2018 End Year,60.0,0,0,0,Pass,Pass,10.0,37.9,153,50
euee14519418,Male,HILCOE SCHOOL OF COMPUTER SCIENCE & TECHNOLOGY,Software Engineering,1,2018 End Year,43.75,0,0,0,Fail,Fail,-6.25,10.28,222,59
euee14519518,Male,HILCOE SCHOOL OF COMPUTER SCIENCE & TECHNOLOGY,Software Engineering,1,2018 End Year,57.5,0,0,0,Pass,Pass,7.5,33.47,162,52
euee14519618,Male,HILCOE SCHOOL OF COMPUTER SCIENCE & TECHNOLOGY,Software Engineering,1,2018 End Year,50.0,0,0,0,Pass,Pass,0.0,21.17,193,57
euee14519718,Male,HILCOE SCHOOL OF COMPUTER SCIENCE & TECHNOLOGY,Software Engineering,1,2018 End Year,71.25,0,0,0,Pass,Pass,21.25,65.73,78,27
euee14519818,Male,HILCOE SCHOOL OF COMPUTER SCIENCE & TECHNOLOGY,Software Engineering,1,2018 End Year,82.5,0,0,0,Pass,Pass,32.5,97.38,6,4
euee14519918,Male,HILCOE SCHOOL OF COMPUTER SCIENCE & TECHNOLOGY,Software Engineering,1,2018 End Year,72.5,0,0,0,Pass,Pass,22.5,72.58,61,23
euee14520018,Male,HILCOE SCHOOL OF COMPUTER SCIENCE & TECHNOLOGY,Software Engineering,1,2018 End Year,81.25,0,0,0,Pass,Pass,31.25,95.56,10,7
euee14520218,Male,HILCOE SCHOOL OF COMPUTER SCIENCE & TECHNOLOGY,Software Engineering,1,2018 End Year,68.75,0,0,0,Pass,Pass,18.75,57.06,103,35
euee14520318,Male,HILCOE SCHOOL OF COMPUTER SCIENCE & TECHNOLOGY,Software Engineering,1,2018 End Year,66.25,0,0,0,Pass,Pass,16.25,51.21,119,42
euee14520418,Male,HILCOE SCHOOL OF COMPUTER SCIENCE & TECHNOLOGY,Software Engineering,1,2018 End Year,78.75,0,0,0,Pass,Pass,28.75,93.15,16,11
euee14520518,Male,HILCOE SCHOOL OF COMPUTER SCIENCE & TECHNOLOGY,Software Engineering,1,2018 End Year,61.25,0,0,0,Pass,Pass,11.25,39.72,149,49
euee14520618,Male,HILCOE SCHOOL OF COMPUTER SCIENCE & TECHNOLOGY,Software Engineering,1,2018 End Year,71.25,0,0,0,Pass,Pass,21.25,65.73,78,27
euee14520718,Male,HILCOE SCHOOL OF COMPUTER SCIENCE & TECHNOLOGY,Software Engineering,1,2018 End Year,71.25,0,0,0,Pass,Pass,21.25,65.73,78,27
euee14520818,Female,HILCOE SCHOOL OF COMPUTER SCIENCE & TECHNOLOGY,Software Engineering,1,2018 End Year,62.5,0,0,0,Pass,Pass,12.5,42.74,138,46
euee14521018,Female,HILCOE SCHOOL OF COMPUTER SCIENCE & TECHNOLOGY,Software Engineering,1,2018 End Year,73.75,0,0,0,Pass,Pass,23.75,77.62,53,22
euee14521118,Male,HILCOE SCHOOL OF COMPUTER SCIENCE & TECHNOLOGY,Software Engineering,1,2018 End Year,58.75,0,0,0,Pass,Pass,8.75,36.09,158,51
euee14521218,Male,HILCOE SCHOOL OF COMPUTER SCIENCE & TECHNOLOGY,Software Engineering,1,2018 End Year,71.25,0,0,0,Pass,Pass,21.25,65.73,78,27
euee14521318,Male,HILCOE SCHOOL OF COMPUTER SCIENCE & TECHNOLOGY,Software Engineering,1,2018 End Year,82.5,0,0,0,Pass,Pass,32.5,97.38,6,4
euee14521418,Male,HILCOE SCHOOL OF COMPUTER SCIENCE & TECHNOLOGY,Software Engineering,1,2018 End Year,77.5,0,0,0,Pass,Pass,27.5,90.12,21,14
euee14521518,Male,HILCOE SCHOOL OF COMPUTER SCIENCE & TECHNOLOGY,Software Engineering,1,2018 End Year,67.5,0,0,0,Pass,Pass,17.5,53.83,113,41
euee14521618,Female,HILCOE SCHOOL OF COMPUTER SCIENCE & TECHNOLOGY,Software Engineering,1,2018 End Year,83.75,0,0,0,Pass,Pass,33.75,98.79,3,2
euee14521718,Female,HILCOE SCHOOL OF COMPUTER SCIENCE & TECHNOLOGY,Software Engineering,1,2018 End Year,81.25,0,0,0,Pass,Pass,31.25,95.56,10,7
euee14521818,Female,HILCOE SCHOOL OF COMPUTER SCIENCE & TECHNOLOGY,Software Engineering,1,2018 End Year,68.75,0,0,0,Pass,Pass,18.75,57.06,103,35
euee14521918,Female,HILCOE SCHOOL OF COMPUTER SCIENCE & TECHNOLOGY,Software Engineering,1,2018 End Year,68.75,0,0,0,Pass,Pass,18.75,57.06,103,35
euee14522118,Male,HILCOE SCHOOL OF COMPUTER SCIENCE & TECHNOLOGY,Software Engineering,1,2018 End Year,76.25,0,0,0,Pass,Pass,26.25,85.89,31,17
euee14522218,Male,HILCOE SCHOOL OF COMPUTER SCIENCE & TECHNOLOGY,Software Engineering,1,2018 End Year,62.5,0,0,0,Pass,Pass,12.5,42.74,138,46
euee14522318,Male,HILCOE SCHOOL OF COMPUTER SCIENCE & TECHNOLOGY,Software Engineering,1,2018 End Year,66.25,0,0,0,Pass,Pass,16.25,51.21,119,42
euee14522418,Male,HILCOE SCHOOL OF COMPUTER SCIENCE & TECHNOLOGY,Software Engineering,1,2018 End Year,82.5,0,0,0,Pass,Pass,32.5,97.38,6,4
euee14522518,Female,HILCOE SCHOOL OF COMPUTER SCIENCE & TECHNOLOGY,Software Engineering,1,2018 End Year,77.5,0,0,0,Pass,Pass,27.5,90.12,21,14
euee14522618,Female,HILCOE SCHOOL OF COMPUTER SCIENCE & TECHNOLOGY,Software Engineering,1,2018 End Year,75.0,0,0,0,Pass,Pass,25.0,81.45,42,19
euee14522718,Male,HILCOE SCHOOL OF COMPUTER SCIENCE & TECHNOLOGY,Software Engineering,1,2018 End Year,72.5,0,0,0,Pass,Pass,22.5,72.58,61,23
euee14522818,Male,HILCOE SCHOOL OF COMPUTER SCIENCE & TECHNOLOGY,Software Engineering,1,2018 End Year,76.25,0,0,0,Pass,Pass,26.25,85.89,31,17
euee14522918,Male,HILCOE SCHOOL OF COMPUTER SCIENCE & TECHNOLOGY,Software Engineering,1,2018 End Year,75.0,0,0,0,Pass,Pass,25.0,81.45,42,19
euee14523018,Male,HILCOE SCHOOL OF COMPUTER SCIENCE & TECHNOLOGY,Software Engineering,1,2018 End Year,71.25,0,0,0,Pass,Pass,21.25,65.73,78,27
euee14523118,Male,HILCOE SCHOOL OF COMPUTER SCIENCE & TECHNOLOGY,Software Engineering,1,2018 End Year,72.5,0,0,0,Pass,Pass,22.5,72.58,61,23
euee14523218,Male,HILCOE SCHOOL OF COMPUTER SCIENCE & TECHNOLOGY,Software Engineering,1,2018 End Year,55.0,0,0,0,Pass,Pass,5.0,28.23,176,54
euee14523318,Male,HILCOE SCHOOL OF COMPUTER SCIENCE & TECHNOLOGY,Software Engineering,1,2018 End Year,71.25,0,0,0,Pass,Pass,21.25,65.73,78,27
euee14523418,Male,HILCOE SCHOOL OF COMPUTER SCIENCE & TECHNOLOGY,Software Engineering,1,2018 End Year,68.75,0,0,0,Pass,Pass,18.75,57.06,103,35
euee14523518,Female,HILCOE SCHOOL OF COMPUTER SCIENCE & TECHNOLOGY,Software Engineering,1,2018 End Year,78.75,0,0,0,Pass,Pass,28.75,93.15,16,11
euee14523618,Male,HILCOE SCHOOL OF COMPUTER SCIENCE & TECHNOLOGY,Software Engineering,1,2018 End Year,75.0,0,0,0,Pass,Pass,25.0,81.45,42,19
euee14523718,Male,HILCOE SCHOOL OF COMPUTER SCIENCE & TECHNOLOGY,Software Engineering,1,2018 End Year,63.75,0,0,0,Pass,Pass,13.75,45.77,134,45
euee14523818,Male,HILCOE SCHOOL OF COMPUTER SCIENCE & TECHNOLOGY,Software Engineering,1,2018 End Year,65.0,0,0,0,Pass,Pass,15.0,48.19,126,44
euee14523918,Female,HILCOE SCHOOL OF COMPUTER SCIENCE & TECHNOLOGY,Software Engineering,1,2018 End Year,88.75,0,0,0,Pass,Pass,38.75,99.6,2,1
euee14524018,Female,HILCOE SCHOOL OF COMPUTER SCIENCE & TECHNOLOGY,Software Engineering,1,2018 End Year,72.5,0,0,0,Pass,Pass,22.5,72.58,61,23
euee14524118,Male,HILCOE SCHOOL OF COMPUTER SCIENCE & TECHNOLOGY,Software Engineering,1,2018 End Year,50.0,0,0,0,Pass,Pass,0.0,21.17,193,57
euee14524218,Male,HILCOE SCHOOL OF COMPUTER SCIENCE & TECHNOLOGY,Software Engineering,1,2018 End Year,83.75,0,0,0,Pass,Pass,33.75,98.79,3,2
euee14524318,Male,HILCOE SCHOOL OF COMPUTER SCIENCE & TECHNOLOGY,Software Engineering,1,2018 End Year,70.0,0,0,0,Pass,Pass,20.0,60.69,95,34
euee14524418,Female,HILCOE SCHOOL OF COMPUTER SCIENCE & TECHNOLOGY,Software Engineering,1,2018 End Year,68.75,0,0,0,Pass,Pass,18.75,57.06,103,35
euee14524518,Male,HILCOE SCHOOL OF COMPUTER SCIENCE & TECHNOLOGY,Software Engineering,1,2018 End Year,78.75,0,0,0,Pass,Pass,28.75,93.15,16,11
euee14524618,Male,HILCOE SCHOOL OF COMPUTER SCIENCE & TECHNOLOGY,Software Engineering,1,2018 End Year,68.75,0,0,0,Pass,Pass,18.75,57.06,103,35
euee14524718,Male,HILCOE SCHOOL OF COMPUTER SCIENCE & TECHNOLOGY,Software Engineering,1,2018 End Year,56.25,0,0,0,Pass,Pass,6.25,30.65,171,53
euee14524818,Male,HILCOE SCHOOL OF COMPUTER SCIENCE & TECHNOLOGY,Software Engineering,1,2018 End Year,81.25,0,0,0,Pass,Pass,31.25,95.56,10,7
euee14524918,Male,HILCOE SCHOOL OF COMPUTER SCIENCE & TECHNOLOGY,Software Engineering,1,2018 End Year,71.25,0,0,0,Pass,Pass,21.25,65.73,78,27
euee14525018,Male,HILCOE SCHOOL OF COMPUTER SCIENCE & TECHNOLOGY,Software Engineering,1,2018 End Year,81.25,0,0,0,Pass,Pass,31.25,95.56,10,7
euee18440418,Male,ADDIS ABABA UNIVERSITY,Software Engineering,1,2018 End Year,90.0,0,0,0,Pass,Pass,40.0,100.0,1,1
euee18440618,Male,ADDIS ABABA UNIVERSITY,Software Engineering,1,2018 End Year,62.5,0,0,0,Pass,Pass,12.5,42.74,138,93
euee18440518,Male,ADDIS ABABA UNIVERSITY,Software Engineering,1,2018 End Year,40.0,0,0,0,Fail,Fail,-10.0,6.85,231,172
euee18440718,Male,ADDIS ABABA UNIVERSITY,Software Engineering,1,2018 End Year,36.25,0,0,0,Fail,Fail,-13.75,3.83,238,179
euee18440818,Male,ADDIS ABABA UNIVERSITY,Software Engineering,1,2018 End Year,75.0,0,0,0,Pass,Pass,25.0,81.45,42,24
euee18440918,Male,ADDIS ABABA UNIVERSITY,Software Engineering,1,2018 End Year,75.0,0,0,0,Pass,Pass,25.0,81.45,42,24
euee18441018,Male,ADDIS ABABA UNIVERSITY,Software Engineering,1,2018 End Year,80.0,0,0,0,Pass,Pass,30.0,94.35,15,5
euee18441118,Male,ADDIS ABABA UNIVERSITY,Software Engineering,1,2018 End Year,45.0,0,0,0,Fail,Fail,-5.0,12.1,217,159
euee55264817,Male,ADDIS ABABA UNIVERSITY,Software Engineering,1,2018 End Year,43.75,0,0,0,Fail,Fail,-6.25,10.28,222,164
euee18441218,Male,ADDIS ABABA UNIVERSITY,Software Engineering,1,2018 End Year,66.25,0,0,0,Pass,Pass,16.25,51.21,119,78
euee18441418,Male,ADDIS ABABA UNIVERSITY,Software Engineering,1,2018 End Year,77.5,0,0,0,Pass,Pass,27.5,90.12,21,8
euee18456918,Male,ADDIS ABABA UNIVERSITY,Software Engineering,1,2018 End Year,60.0,0,0,0,Pass,Pass,10.0,37.9,153,104
euee18441318,Male,ADDIS ABABA UNIVERSITY,Software Engineering,1,2018 End Year,57.5,0,0,0,Pass,Pass,7.5,33.47,162,111
euee18441518,Male,ADDIS ABABA UNIVERSITY,Software Engineering,1,2018 End Year,43.75,0,0,0,Fail,Fail,-6.25,10.28,222,164
euee18441718,Male,ADDIS ABABA UNIVERSITY,Software Engineering,1,2018 End Year,47.5,0,0,0,Fail,Fail,-2.5,17.54,202,144
euee18441618,Male,ADDIS ABABA UNIVERSITY,Software Engineering,1,2018 End Year,55.0,0,0,0,Pass,Pass,5.0,28.23,176,123
euee18441818,Male,ADDIS ABABA UNIVERSITY,Software Engineering,1,2018 End Year,45.0,0,0,0,Fail,Fail,-5.0,12.1,217,159
euee18441918,Male,ADDIS ABABA UNIVERSITY,Software Engineering,1,2018 End Year,76.25,0,0,0,Pass,Pass,26.25,85.89,31,15
euee00044718,Male,HILCOE SCHOOL OF COMPUTER SCIENCE & TECHNOLOGY,Software Engineering,1,2018 End Year,62.5,0,0,0,Pass,Pass,12.5,42.74,138,46
euee18442118,Male,ADDIS ABABA UNIVERSITY,Software Engineering,1,2018 End Year,62.5,0,0,0,Pass,Pass,12.5,42.74,138,93
euee18442218,Male,ADDIS ABABA UNIVERSITY,Software Engineering,1,2018 End Year,73.75,0,0,0,Pass,Pass,23.75,77.62,53,32
euee18442318,Male,ADDIS ABABA UNIVERSITY,Software Engineering,1,2018 End Year,77.5,0,0,0,Pass,Pass,27.5,90.12,21,8
euee18442418,Male,ADDIS ABABA UNIVERSITY,Software Engineering,1,2018 End Year,72.5,0,0,0,Pass,Pass,22.5,72.58,61,39
euee18442518,Male,ADDIS ABABA UNIVERSITY,Software Engineering,1,2018 End Year,77.5,0,0,0,Pass,Pass,27.5,90.12,21,8
euee18442618,Female,ADDIS ABABA UNIVERSITY,Software Engineering,1,2018 End Year,50.0,0,0,0,Pass,Pass,0.0,21.17,193,137
euee18442718,Male,ADDIS ABABA UNIVERSITY,Software Engineering,1,2018 End Year,76.25,0,0,0,Pass,Pass,26.25,85.89,31,15
euee18442818,Male,ADDIS ABABA UNIVERSITY,Software Engineering,1,2018 End Year,71.25,0,0,0,Pass,Pass,21.25,65.73,78,52
euee18442918,Male,ADDIS ABABA UNIVERSITY,Software Engineering,1,2018 End Year,76.25,0,0,0,Pass,Pass,26.25,85.89,31,15
euee18443018,Male,ADDIS ABABA UNIVERSITY,Software Engineering,1,2018 End Year,72.5,0,0,0,Pass,Pass,22.5,72.58,61,39
euee55265617,Female,ADDIS ABABA UNIVERSITY,Software Engineering,1,2018 End Year,30.0,0,0,0,Fail,Fail,-20.0,1.41,245,186
euee18443118,Female,ADDIS ABABA UNIVERSITY,Software Engineering,1,2018 End Year,60.0,0,0,0,Pass,Pass,10.0,37.9,153,104
euee18443218,Female,ADDIS ABABA UNIVERSITY,Software Engineering,1,2018 End Year,56.25,0,0,0,Pass,Pass,6.25,30.65,171,119
euee18457018,Female,ADDIS ABABA UNIVERSITY,Software Engineering,1,2018 End Year,76.25,0,0,0,Pass,Pass,26.25,85.89,31,15
euee18443318,Male,ADDIS ABABA UNIVERSITY,Software Engineering,1,2018 End Year,65.0,0,0,0,Pass,Pass,15.0,48.19,126,83
euee18443418,Male,ADDIS ABABA UNIVERSITY,Software Engineering,1,2018 End Year,57.5,0,0,0,Pass,Pass,7.5,33.47,162,111
euee18443518,Male,ADDIS ABABA UNIVERSITY,Software Engineering,1,2018 End Year,46.25,0,0,0,Fail,Fail,-3.75,14.52,210,152
euee18443618,Male,ADDIS ABABA UNIVERSITY,Software Engineering,1,2018 End Year,40.0,0,0,0,Fail,Fail,-10.0,6.85,231,172
euee18443718,Male,ADDIS ABABA UNIVERSITY,Software Engineering,1,2018 End Year,50.0,0,0,0,Pass,Pass,0.0,21.17,193,137
euee18443818,Male,ADDIS ABABA UNIVERSITY,Software Engineering,1,2018 End Year,66.25,0,0,0,Pass,Pass,16.25,51.21,119,78
euee18803118,Male,ADDIS ABABA UNIVERSITY,Software Engineering,1,2018 End Year,51.25,0,0,0,Pass,Pass,1.25,23.79,188,133
euee18443918,Male,ADDIS ABABA UNIVERSITY,Software Engineering,1,2018 End Year,81.25,0,0,0,Pass,Pass,31.25,95.56,10,4
euee18457118,Female,ADDIS ABABA UNIVERSITY,Software Engineering,1,2018 End Year,51.25,0,0,0,Pass,Pass,1.25,23.79,188,133
euee18444018,Male,ADDIS ABABA UNIVERSITY,Software Engineering,1,2018 End Year,50.0,0,0,0,Pass,Pass,0.0,21.17,193,137
euee18444118,Male,ADDIS ABABA UNIVERSITY,Software Engineering,1,2018 End Year,58.75,0,0,0,Pass,Pass,8.75,36.09,158,108
euee18444218,Male,ADDIS ABABA UNIVERSITY,Software Engineering,1,2018 End Year,70.0,0,0,0,Pass,Pass,20.0,60.69,95,62
euee18444318,Male,ADDIS ABABA UNIVERSITY,Software Engineering,1,2018 End Year,66.25,0,0,0,Pass,Pass,16.25,51.21,119,78
euee18444418,Female,ADDIS ABABA UNIVERSITY,Software Engineering,1,2018 End Year,57.5,0,0,0,Pass,Pass,7.5,33.47,162,111
euee18444518,Female,ADDIS ABABA UNIVERSITY,Software Engineering,1,2018 End Year,55.0,0,0,0,Pass,Pass,5.0,28.23,176,123
euee18444618,Male,ADDIS ABABA UNIVERSITY,Software Engineering,1,2018 End Year,71.25,0,0,0,Pass,Pass,21.25,65.73,78,52
euee18444718,Female,ADDIS ABABA UNIVERSITY,Software Engineering,1,2018 End Year,65.0,0,0,0,Pass,Pass,15.0,48.19,126,83
euee55265817,Female,ADDIS ABABA UNIVERSITY,Software Engineering,1,2018 End Year,30.0,0,0,0,Fail,Fail,-20.0,1.41,245,186
euee18444818,Male,ADDIS ABABA UNIVERSITY,Software Engineering,1,2018 End Year,75.0,0,0,0,Pass,Pass,25.0,81.45,42,24
euee18445018,Male,ADDIS ABABA UNIVERSITY,Software Engineering,1,2018 End Year,72.5,0,0,0,Pass,Pass,22.5,72.58,61,39
euee18444918,Male,ADDIS ABABA UNIVERSITY,Software Engineering,1,2018 End Year,33.75,0,0,0,Fail,Fail,-16.25,2.62,242,183
euee18445118,Male,ADDIS ABABA UNIVERSITY,Software Engineering,1,2018 End Year,70.0,0,0,0,Pass,Pass,20.0,60.69,95,62
euee18803318,Female,ADDIS ABABA UNIVERSITY,Software Engineering,1,2018 End Year,38.75,0,0,0,Fail,Fail,-11.25,5.85,234,175
euee18445218,Male,ADDIS ABABA UNIVERSITY,Software Engineering,1,2018 End Year,73.75,0,0,0,Pass,Pass,23.75,77.62,53,32
euee18445318,Male,ADDIS ABABA UNIVERSITY,Software Engineering,1,2018 End Year,46.25,0,0,0,Fail,Fail,-3.75,14.52,210,152
euee18445418,Female,ADDIS ABABA UNIVERSITY,Software Engineering,1,2018 End Year,37.5,0,0,0,Fail,Fail,-12.5,5.04,236,177
euee18445518,Female,ADDIS ABABA UNIVERSITY,Software Engineering,1,2018 End Year,46.25,0,0,0,Fail,Fail,-3.75,14.52,210,152
euee18445618,Male,ADDIS ABABA UNIVERSITY,Software Engineering,1,2018 End Year,67.5,0,0,0,Pass,Pass,17.5,53.83,113,73
euee18445818,Male,ADDIS ABABA UNIVERSITY,Software Engineering,1,2018 End Year,77.5,0,0,0,Pass,Pass,27.5,90.12,21,8
euee18445718,Male,ADDIS ABABA UNIVERSITY,Software Engineering,1,2018 End Year,46.25,0,0,0,Fail,Fail,-3.75,14.52,210,152
euee18445918,Male,ADDIS ABABA UNIVERSITY,Software Engineering,1,2018 End Year,55.0,0,0,0,Pass,Pass,5.0,28.23,176,123
euee18446118,Female,ADDIS ABABA UNIVERSITY,Software Engineering,1,2018 End Year,63.75,0,0,0,Pass,Pass,13.75,45.77,134,90
euee18446018,Female,ADDIS ABABA UNIVERSITY,Software Engineering,1,2018 End Year,76.25,0,0,0,Pass,Pass,26.25,85.89,31,15
euee18457218,Female,ADDIS ABABA UNIVERSITY,Software Engineering,1,2018 End Year,60.0,0,0,0,Pass,Pass,10.0,37.9,153,104
euee18446218,Female,ADDIS ABABA UNIVERSITY,Software Engineering,1,2018 End Year,36.25,0,0,0,Fail,Fail,-13.75,3.83,238,179
euee18457318,Male,ADDIS ABABA UNIVERSITY,Software Engineering,1,2018 End Year,58.75,0,0,0,Pass,Pass,8.75,36.09,158,108
euee18446318,Male,ADDIS ABABA UNIVERSITY,Software Engineering,1,2018 End Year,75.0,0,0,0,Pass,Pass,25.0,81.45,42,24
euee18446418,Female,ADDIS ABABA UNIVERSITY,Software Engineering,1,2018 End Year,57.5,0,0,0,Pass,Pass,7.5,33.47,162,111
euee18446518,Female,ADDIS ABABA UNIVERSITY,Software Engineering,1,2018 End Year,62.5,0,0,0,Pass,Pass,12.5,42.74,138,93
euee18457418,Male,ADDIS ABABA UNIVERSITY,Software Engineering,1,2018 End Year,71.25,0,0,0,Pass,Pass,21.25,65.73,78,52
euee18446718,Male,ADDIS ABABA UNIVERSITY,Software Engineering,1,2018 End Year,61.25,0,0,0,Pass,Pass,11.25,39.72,149,101
euee18446618,Male,ADDIS ABABA UNIVERSITY,Software Engineering,1,2018 End Year,48.75,0,0,0,Fail,Fail,-1.25,19.35,201,143
euee55266117,Male,ADDIS ABABA UNIVERSITY,Software Engineering,1,2018 End Year,28.75,0,0,0,Fail,Fail,-21.25,0.81,247,188
euee18446918,Male,ADDIS ABABA UNIVERSITY,Software Engineering,1,2018 End Year,55.0,0,0,0,Pass,Pass,5.0,28.23,176,123
euee18446818,Male,ADDIS ABABA UNIVERSITY,Software Engineering,1,2018 End Year,32.5,0,0,0,Fail,Fail,-17.5,2.02,244,185
euee18447018,Female,ADDIS ABABA UNIVERSITY,Software Engineering,1,2018 End Year,47.5,0,0,0,Fail,Fail,-2.5,17.54,202,144
euee18447118,Male,ADDIS ABABA UNIVERSITY,Software Engineering,1,2018 End Year,77.5,0,0,0,Pass,Pass,27.5,90.12,21,8
euee18447218,Female,ADDIS ABABA UNIVERSITY,Software Engineering,1,2018 End Year,57.5,0,0,0,Pass,Pass,7.5,33.47,162,111
euee18447318,Female,ADDIS ABABA UNIVERSITY,Software Engineering,1,2018 End Year,55.0,0,0,0,Pass,Pass,5.0,28.23,176,123
euee18457518,Female,ADDIS ABABA UNIVERSITY,Software Engineering,1,2018 End Year,45.0,0,0,0,Fail,Fail,-5.0,12.1,217,159
euee18447418,Female,ADDIS ABABA UNIVERSITY,Software Engineering,1,2018 End Year,38.75,0,0,0,Fail,Fail,-11.25,5.85,234,175
euee18447518,Male,ADDIS ABABA UNIVERSITY,Software Engineering,1,2018 End Year,50.0,0,0,0,Pass,Pass,0.0,21.17,193,137
euee18447618,Male,ADDIS ABABA UNIVERSITY,Software Engineering,1,2018 End Year,47.5,0,0,0,Fail,Fail,-2.5,17.54,202,144
euee18447718,Male,ADDIS ABABA UNIVERSITY,Software Engineering,1,2018 End Year,75.0,0,0,0,Pass,Pass,25.0,81.45,42,24
euee18447818,Female,ADDIS ABABA UNIVERSITY,Software Engineering,1,2018 End Year,71.25,0,0,0,Pass,Pass,21.25,65.73,78,52
euee18448018,Female,ADDIS ABABA UNIVERSITY,Software Engineering,1,2018 End Year,65.0,0,0,0,Pass,Pass,15.0,48.19,126,83
euee18447918,Female,ADDIS ABABA UNIVERSITY,Software Engineering,1,2018 End Year,55.0,0,0,0,Pass,Pass,5.0,28.23,176,123
euee18448118,Female,ADDIS ABABA UNIVERSITY,Software Engineering,1,2018 End Year,65.0,0,0,0,Pass,Pass,15.0,48.19,126,83
euee00045418,Male,HILCOE SCHOOL OF COMPUTER SCIENCE & TECHNOLOGY,Software Engineering,1,2018 End Year,52.5,0,0,0,Pass,Pass,2.5,25.4,185,55
euee18448218,Male,ADDIS ABABA UNIVERSITY,Software Engineering,1,2018 End Year,65.0,0,0,0,Pass,Pass,15.0,48.19,126,83
euee18457618,Male,ADDIS ABABA UNIVERSITY,Software Engineering,1,2018 End Year,66.25,0,0,0,Pass,Pass,16.25,51.21,119,78
euee00319116,Female,ADDIS ABABA UNIVERSITY,Software Engineering,1,2018 End Year,50.0,0,0,0,Pass,Pass,0.0,21.17,193,137
euee18448318,Male,ADDIS ABABA UNIVERSITY,Software Engineering,1,2018 End Year,72.5,0,0,0,Pass,Pass,22.5,72.58,61,39
euee18448418,Male,ADDIS ABABA UNIVERSITY,Software Engineering,1,2018 End Year,52.5,0,0,0,Pass,Pass,2.5,25.4,185,131
euee18448518,Male,ADDIS ABABA UNIVERSITY,Software Engineering,1,2018 End Year,47.5,0,0,0,Fail,Fail,-2.5,17.54,202,144
euee18448718,Male,ADDIS ABABA UNIVERSITY,Software Engineering,1,2018 End Year,77.5,0,0,0,Pass,Pass,27.5,90.12,21,8
euee18448618,Male,ADDIS ABABA UNIVERSITY,Software Engineering,1,2018 End Year,51.25,0,0,0,Pass,Pass,1.25,23.79,188,133
euee18448818,Female,ADDIS ABABA UNIVERSITY,Software Engineering,1,2018 End Year,76.25,0,0,0,Pass,Pass,26.25,85.89,31,15
euee18448918,Female,ADDIS ABABA UNIVERSITY,Software Engineering,1,2018 End Year,36.25,0,0,0,Fail,Fail,-13.75,3.83,238,179
euee18449118,Male,ADDIS ABABA UNIVERSITY,Software Engineering,1,2018 End Year,46.25,0,0,0,Fail,Fail,-3.75,14.52,210,152
euee18449218,Male,ADDIS ABABA UNIVERSITY,Software Engineering,1,2018 End Year,47.5,0,0,0,Fail,Fail,-2.5,17.54,202,144
euee18449318,Male,ADDIS ABABA UNIVERSITY,Software Engineering,1,2018 End Year,68.75,0,0,0,Pass,Pass,18.75,57.06,103,69
euee18449418,Female,ADDIS ABABA UNIVERSITY,Software Engineering,1,2018 End Year,56.25,0,0,0,Pass,Pass,6.25,30.65,171,119
euee18449518,Male,ADDIS ABABA UNIVERSITY,Software Engineering,1,2018 End Year,73.75,0,0,0,Pass,Pass,23.75,77.62,53,32
euee18449618,Female,ADDIS ABABA UNIVERSITY,Software Engineering,1,2018 End Year,67.5,0,0,0,Pass,Pass,17.5,53.83,113,73
euee18449818,Female,ADDIS ABABA UNIVERSITY,Software Engineering,1,2018 End Year,72.5,0,0,0,Pass,Pass,22.5,72.58,61,39
euee18449718,Female,ADDIS ABABA UNIVERSITY,Software Engineering,1,2018 End Year,42.5,0,0,0,Fail,Fail,-7.5,9.07,226,167
euee18449918,Female,ADDIS ABABA UNIVERSITY,Software Engineering,1,2018 End Year,75.0,0,0,0,Pass,Pass,25.0,81.45,42,24
euee18450018,Female,ADDIS ABABA UNIVERSITY,Software Engineering,1,2018 End Year,76.25,0,0,0,Pass,Pass,26.25,85.89,31,15
euee18450118,Female,ADDIS ABABA UNIVERSITY,Software Engineering,1,2018 End Year,56.25,0,0,0,Pass,Pass,6.25,30.65,171,119
euee18450218,Female,ADDIS ABABA UNIVERSITY,Software Engineering,1,2018 End Year,60.0,0,0,0,Pass,Pass,10.0,37.9,153,104
euee18450318,Female,ADDIS ABABA UNIVERSITY,Software Engineering,1,2018 End Year,70.0,0,0,0,Pass,Pass,20.0,60.69,95,62
euee00567316,Male,ADDIS ABABA UNIVERSITY,Software Engineering,1,2018 End Year,42.5,0,0,0,Fail,Fail,-7.5,9.07,226,167
euee18450418,Female,ADDIS ABABA UNIVERSITY,Software Engineering,1,2018 End Year,73.75,0,0,0,Pass,Pass,23.75,77.62,53,32
euee18450518,Male,ADDIS ABABA UNIVERSITY,Software Engineering,1,2018 End Year,72.5,0,0,0,Pass,Pass,22.5,72.58,61,39
euee18450618,Female,ADDIS ABABA UNIVERSITY,Software Engineering,1,2018 End Year,72.5,0,0,0,Pass,Pass,22.5,72.58,61,39
euee18450718,Female,ADDIS ABABA UNIVERSITY,Software Engineering,1,2018 End Year,67.5,0,0,0,Pass,Pass,17.5,53.83,113,73
euee18450818,Female,ADDIS ABABA UNIVERSITY,Software Engineering,1,2018 End Year,71.25,0,0,0,Pass,Pass,21.25,65.73,78,52
euee18450918,Female,ADDIS ABABA UNIVERSITY,Software Engineering,1,2018 End Year,66.25,0,0,0,Pass,Pass,16.25,51.21,119,78
euee18451018,Male,ADDIS ABABA UNIVERSITY,Software Engineering,1,2018 End Year,47.5,0,0,0,Fail,Fail,-2.5,17.54,202,144
euee18451118,Male,ADDIS ABABA UNIVERSITY,Software Engineering,1,2018 End Year,41.25,0,0,0,Fail,Fail,-8.75,8.06,228,169
euee18451218,Male,ADDIS ABABA UNIVERSITY,Software Engineering,1,2018 End Year,57.5,0,0,0,Pass,Pass,7.5,33.47,162,111
euee18451318,Male,ADDIS ABABA UNIVERSITY,Software Engineering,1,2018 End Year,63.75,0,0,0,Pass,Pass,13.75,45.77,134,90
euee18457718,Male,ADDIS ABABA UNIVERSITY,Software Engineering,1,2018 End Year,71.25,0,0,0,Pass,Pass,21.25,65.73,78,52
euee18451518,Male,ADDIS ABABA UNIVERSITY,Software Engineering,1,2018 End Year,77.5,0,0,0,Pass,Pass,27.5,90.12,21,8
euee18451418,Male,ADDIS ABABA UNIVERSITY,Software Engineering,1,2018 End Year,40.0,0,0,0,Fail,Fail,-10.0,6.85,231,172
euee18451818,Male,ADDIS ABABA UNIVERSITY,Software Engineering,1,2018 End Year,73.75,0,0,0,Pass,Pass,23.75,77.62,53,32
euee18451618,Male,ADDIS ABABA UNIVERSITY,Software Engineering,1,2018 End Year,63.75,0,0,0,Pass,Pass,13.75,45.77,134,90
euee18451718,Male,ADDIS ABABA UNIVERSITY,Software Engineering,1,2018 End Year,72.5,0,0,0,Pass,Pass,22.5,72.58,61,39
euee18451918,Female,ADDIS ABABA UNIVERSITY,Software Engineering,1,2018 End Year,67.5,0,0,0,Pass,Pass,17.5,53.83,113,73
euee18457818,Female,ADDIS ABABA UNIVERSITY,Software Engineering,1,2018 End Year,51.25,0,0,0,Pass,Pass,1.25,23.79,188,133
euee18452018,Male,ADDIS ABABA UNIVERSITY,Software Engineering,1,2018 End Year,70.0,0,0,0,Pass,Pass,20.0,60.69,95,62
euee18452118,Male,ADDIS ABABA UNIVERSITY,Software Engineering,1,2018 End Year,72.5,0,0,0,Pass,Pass,22.5,72.58,61,39
euee18452218,Male,ADDIS ABABA UNIVERSITY,Software Engineering,1,2018 End Year,83.75,0,0,0,Pass,Pass,33.75,98.79,3,2
euee18452318,Male,ADDIS ABABA UNIVERSITY,Software Engineering,1,2018 End Year,57.5,0,0,0,Pass,Pass,7.5,33.47,162,111
euee18452518,Male,ADDIS ABABA UNIVERSITY,Software Engineering,1,2018 End Year,53.75,0,0,0,Pass,Pass,3.75,26.41,183,129
euee24089218,Male,ADDIS ABABA UNIVERSITY,Software Engineering,1,2018 End Year,53.75,0,0,0,Pass,Pass,3.75,26.41,183,129
euee18452418,Male,ADDIS ABABA UNIVERSITY,Software Engineering,1,2018 End Year,62.5,0,0,0,Pass,Pass,12.5,42.74,138,93
euee18452618,Female,ADDIS ABABA UNIVERSITY,Software Engineering,1,2018 End Year,73.75,0,0,0,Pass,Pass,23.75,77.62,53,32
euee18452718,Male,ADDIS ABABA UNIVERSITY,Software Engineering,1,2018 End Year,62.5,0,0,0,Pass,Pass,12.5,42.74,138,93
euee18452818,Male,ADDIS ABABA UNIVERSITY,Software Engineering,1,2018 End Year,41.25,0,0,0,Fail,Fail,-8.75,8.06,228,169
euee18452918,Male,ADDIS ABABA UNIVERSITY,Software Engineering,1,2018 End Year,73.75,0,0,0,Pass,Pass,23.75,77.62,53,32
euee18453018,Male,ADDIS ABABA UNIVERSITY,Software Engineering,1,2018 End Year,46.25,0,0,0,Fail,Fail,-3.75,14.52,210,152
euee18453118,Female,ADDIS ABABA UNIVERSITY,Software Engineering,1,2018 End Year,45.0,0,0,0,Fail,Fail,-5.0,12.1,217,159
euee18453218,Female,ADDIS ABABA UNIVERSITY,Software Engineering,1,2018 End Year,50.0,0,0,0,Pass,Pass,0.0,21.17,193,137
euee18453318,Female,ADDIS ABABA UNIVERSITY,Software Engineering,1,2018 End Year,71.25,0,0,0,Pass,Pass,21.25,65.73,78,52
euee18453418,Female,ADDIS ABABA UNIVERSITY,Software Engineering,1,2018 End Year,36.25,0,0,0,Fail,Fail,-13.75,3.83,238,179
euee18453518,Female,ADDIS ABABA UNIVERSITY,Software Engineering,1,2018 End Year,47.5,0,0,0,Fail,Fail,-2.5,17.54,202,144
euee18453618,Female,ADDIS ABABA UNIVERSITY,Software Engineering,1,2018 End Year,52.5,0,0,0,Pass,Pass,2.5,25.4,185,131
euee18453718,Female,ADDIS ABABA UNIVERSITY,Software Engineering,1,2018 End Year,71.25,0,0,0,Pass,Pass,21.25,65.73,78,52
euee18453818,Female,ADDIS ABABA UNIVERSITY,Software Engineering,1,2018 End Year,70.0,0,0,0,Pass,Pass,20.0,60.69,95,62
euee18453918,Male,ADDIS ABABA UNIVERSITY,Software Engineering,1,2018 End Year,68.75,0,0,0,Pass,Pass,18.75,57.06,103,69
euee18457918,Female,ADDIS ABABA UNIVERSITY,Software Engineering,1,2018 End Year,71.25,0,0,0,Pass,Pass,21.25,65.73,78,52
euee18454018,Female,ADDIS ABABA UNIVERSITY,Software Engineering,1,2018 End Year,71.25,0,0,0,Pass,Pass,21.25,65.73,78,52
euee18454218,Male,ADDIS ABABA UNIVERSITY,Software Engineering,1,2018 End Year,70.0,0,0,0,Pass,Pass,20.0,60.69,95,62
euee18454118,Male,ADDIS ABABA UNIVERSITY,Software Engineering,1,2018 End Year,65.0,0,0,0,Pass,Pass,15.0,48.19,126,83
euee18458018,Female,ADDIS ABABA UNIVERSITY,Software Engineering,1,2018 End Year,61.25,0,0,0,Pass,Pass,11.25,39.72,149,101
euee18454318,Female,ADDIS ABABA UNIVERSITY,Software Engineering,1,2018 End Year,37.5,0,0,0,Fail,Fail,-12.5,5.04,236,177
euee18454418,Female,ADDIS ABABA UNIVERSITY,Software Engineering,1,2018 End Year,70.0,0,0,0,Pass,Pass,20.0,60.69,95,62
euee18454518,Female,ADDIS ABABA UNIVERSITY,Software Engineering,1,2018 End Year,72.5,0,0,0,Pass,Pass,22.5,72.58,61,39
euee18454618,Female,ADDIS ABABA UNIVERSITY,Software Engineering,1,2018 End Year,78.75,0,0,0,Pass,Pass,28.75,93.15,16,6
euee18454718,Male,ADDIS ABABA UNIVERSITY,Software Engineering,1,2018 End Year,72.5,0,0,0,Pass,Pass,22.5,72.58,61,39
euee18454818,Male,ADDIS ABABA UNIVERSITY,Software Engineering,1,2018 End Year,47.5,0,0,0,Fail,Fail,-2.5,17.54,202,144
euee18454918,Male,ADDIS ABABA UNIVERSITY,Software Engineering,1,2018 End Year,68.75,0,0,0,Pass,Pass,18.75,57.06,103,69
euee18455018,Female,ADDIS ABABA UNIVERSITY,Software Engineering,1,2018 End Year,62.5,0,0,0,Pass,Pass,12.5,42.74,138,93
euee18455218,Male,ADDIS ABABA UNIVERSITY,Software Engineering,1,2018 End Year,67.5,0,0,0,Pass,Pass,17.5,53.83,113,73
euee18455118,Male,ADDIS ABABA UNIVERSITY,Software Engineering,1,2018 End Year,62.5,0,0,0,Pass,Pass,12.5,42.74,138,93
euee18455318,Female,ADDIS ABABA UNIVERSITY,Software Engineering,1,2018 End Year,65.0,0,0,0,Pass,Pass,15.0,48.19,126,83
euee18455418,Male,ADDIS ABABA UNIVERSITY,Software Engineering,1,2018 End Year,75.0,0,0,0,Pass,Pass,25.0,81.45,42,24
euee18803218,Male,ADDIS ABABA UNIVERSITY,Software Engineering,1,2018 End Year,43.75,0,0,0,Fail,Fail,-6.25,10.28,222,164
euee18455518,Male,ADDIS ABABA UNIVERSITY,Software Engineering,1,2018 End Year,75.0,0,0,0,Pass,Pass,25.0,81.45,42,24
euee18455618,Male,ADDIS ABABA UNIVERSITY,Software Engineering,1,2018 End Year,21.25,0,0,0,Fail,Fail,-28.75,0.4,248,189
euee18455718,Female,ADDIS ABABA UNIVERSITY,Software Engineering,1,2018 End Year,68.75,0,0,0,Pass,Pass,18.75,57.06,103,69
euee18458118,Female,ADDIS ABABA UNIVERSITY,Software Engineering,1,2018 End Year,76.25,0,0,0,Pass,Pass,26.25,85.89,31,15
euee55268117,Male,ADDIS ABABA UNIVERSITY,Software Engineering,1,2018 End Year,46.25,0,0,0,Fail,Fail,-3.75,14.52,210,152
euee18455818,Male,ADDIS ABABA UNIVERSITY,Software Engineering,1,2018 End Year,56.25,0,0,0,Pass,Pass,6.25,30.65,171,119
euee18455918,Female,ADDIS ABABA UNIVERSITY,Software Engineering,1,2018 End Year,57.5,0,0,0,Pass,Pass,7.5,33.47,162,111
euee18456018,Male,ADDIS ABABA UNIVERSITY,Software Engineering,1,2018 End Year,45.0,0,0,0,Fail,Fail,-5.0,12.1,217,159
euee18456218,Male,ADDIS ABABA UNIVERSITY,Software Engineering,1,2018 End Year,58.75,0,0,0,Pass,Pass,8.75,36.09,158,108
euee18456118,Male,ADDIS ABABA UNIVERSITY,Software Engineering,1,2018 End Year,72.5,0,0,0,Pass,Pass,22.5,72.58,61,39
euee18803018,Male,ADDIS ABABA UNIVERSITY,Software Engineering,1,2018 End Year,61.25,0,0,0,Pass,Pass,11.25,39.72,149,101
euee18456318,Male,ADDIS ABABA UNIVERSITY,Software Engineering,1,2018 End Year,82.5,0,0,0,Pass,Pass,32.5,97.38,6,3
euee55268617,Male,ADDIS ABABA UNIVERSITY,Software Engineering,1,2018 End Year,33.75,0,0,0,Fail,Fail,-16.25,2.62,242,183
euee18456418,Female,ADDIS ABABA UNIVERSITY,Software Engineering,1,2018 End Year,62.5,0,0,0,Pass,Pass,12.5,42.74,138,93
euee18456518,Male,ADDIS ABABA UNIVERSITY,Software Engineering,1,2018 End Year,78.75,0,0,0,Pass,Pass,28.75,93.15,16,6
euee18456618,Male,ADDIS ABABA UNIVERSITY,Software Engineering,1,2018 End Year,41.25,0,0,0,Fail,Fail,-8.75,8.06,228,169
euee18456718,Male,ADDIS ABABA UNIVERSITY,Software Engineering,1,2018 End Year,72.5,0,0,0,Pass,Pass,22.5,72.58,61,39
euee18456818,Male,ADDIS ABABA UNIVERSITY,Software Engineering,1,2018 End Year,76.25,0,0,0,Pass,Pass,26.25,85.89,31,15
euee50695417,Male,HILCOE SCHOOL OF COMPUTER SCIENCE & TECHNOLOGY,Software Engineering,1,2018 End Year,51.25,0,0,0,Pass,Pass,1.25,23.79,188,56
euee18505018,Male,ADDIS ABABA UNIVERSITY,Computer Science,1,2018 End Year,77.0,0,0,0,Pass,Pass,27.0,97.27,8,8
euee18505118,Male,ADDIS ABABA UNIVERSITY,Computer Science,1,2018 End Year,69.0,0,0,0,Pass,Pass,19.0,68.25,105,81
euee18505218,Male,ADDIS ABABA UNIVERSITY,Computer Science,1,2018 End Year,73.0,0,0,0,Pass,Pass,23.0,88.36,35,32
euee18505318,Female,ADDIS ABABA UNIVERSITY,Computer Science,1,2018 End Year,74.0,0,0,0,Pass,Pass,24.0,91.24,29,27
euee18505418,Male,ADDIS ABABA UNIVERSITY,Computer Science,1,2018 End Year,67.0,0,0,0,Pass,Pass,17.0,59.48,136,109
euee18505518,Male,ADDIS ABABA UNIVERSITY,Computer Science,1,2018 End Year,77.0,0,0,0,Pass,Pass,27.0,97.27,8,8
euee18505618,Male,ADDIS ABABA UNIVERSITY,Computer Science,1,2018 End Year,79.0,0,0,0,Pass,Pass,29.0,99.71,1,1
euee18505718,Female,ADDIS ABABA UNIVERSITY,Computer Science,1,2018 End Year,73.0,0,0,0,Pass,Pass,23.0,88.36,35,32
euee18505818,Male,ADDIS ABABA UNIVERSITY,Computer Science,1,2018 End Year,68.0,0,0,0,Pass,Pass,18.0,63.79,119,94
euee18505918,Male,ADDIS ABABA UNIVERSITY,Computer Science,1,2018 End Year,67.0,0,0,0,Pass,Pass,17.0,59.48,136,109
euee18506018,Male,ADDIS ABABA UNIVERSITY,Computer Science,1,2018 End Year,75.0,0,0,0,Pass,Pass,25.0,93.25,21,20
euee18506118,Male,ADDIS ABABA UNIVERSITY,Computer Science,1,2018 End Year,66.0,0,0,0,Pass,Pass,16.0,55.03,149,119
euee18506218,Male,ADDIS ABABA UNIVERSITY,Computer Science,1,2018 End Year,59.0,0,0,0,Pass,Pass,9.0,36.21,217,162
euee00578216,Male,ADDIS ABABA UNIVERSITY,Computer Science,1,2018 End Year,47.0,0,0,0,Fail,Fail,-3.0,14.94,296,208
euee18506318,Male,ADDIS ABABA UNIVERSITY,Computer Science,1,2018 End Year,56.0,0,0,0,Pass,Pass,6.0,27.73,250,183
euee18506418,Female,ADDIS ABABA UNIVERSITY,Computer Science,1,2018 End Year,52.0,0,0,0,Pass,Pass,2.0,20.83,273,198
euee18506518,Female,ADDIS ABABA UNIVERSITY,Computer Science,1,2018 End Year,73.0,0,0,0,Pass,Pass,23.0,88.36,35,32
euee18506618,Female,ADDIS ABABA UNIVERSITY,Computer Science,1,2018 End Year,56.0,0,0,0,Pass,Pass,6.0,27.73,250,183
euee18506718,Male,ADDIS ABABA UNIVERSITY,Computer Science,1,2018 End Year,75.0,0,0,0,Pass,Pass,25.0,93.25,21,20
euee18506818,Male,ADDIS ABABA UNIVERSITY,Computer Science,1,2018 End Year,75.0,0,0,0,Pass,Pass,25.0,93.25,21,20
euee18506918,Male,ADDIS ABABA UNIVERSITY,Computer Science,1,2018 End Year,71.0,0,0,0,Pass,Pass,21.0,79.45,65,54
euee18507018,Male,ADDIS ABABA UNIVERSITY,Computer Science,1,2018 End Year,70.0,0,0,0,Pass,Pass,20.0,73.71,81,65
euee18507118,Female,ADDIS ABABA UNIVERSITY,Computer Science,1,2018 End Year,55.0,0,0,0,Pass,Pass,5.0,26.01,256,187
euee18507218,Male,ADDIS ABABA UNIVERSITY,Computer Science,1,2018 End Year,66.0,0,0,0,Pass,Pass,16.0,55.03,149,119
euee18507318,Female,ADDIS ABABA UNIVERSITY,Computer Science,1,2018 End Year,67.0,0,0,0,Pass,Pass,17.0,59.48,136,109
euee18507418,Female,ADDIS ABABA UNIVERSITY,Computer Science,1,2018 End Year,77.0,0,0,0,Pass,Pass,27.0,97.27,8,8
euee18507518,Female,ADDIS ABABA UNIVERSITY,Computer Science,1,2018 End Year,79.0,0,0,0,Pass,Pass,29.0,99.71,1,1
euee18507618,Male,ADDIS ABABA UNIVERSITY,Computer Science,1,2018 End Year,64.0,0,0,0,Pass,Pass,14.0,46.98,179,138
euee18507718,Male,ADDIS ABABA UNIVERSITY,Computer Science,1,2018 End Year,72.0,0,0,0,Pass,Pass,22.0,84.05,49,43
euee18507818,Male,ADDIS ABABA UNIVERSITY,Computer Science,1,2018 End Year,66.0,0,0,0,Pass,Pass,16.0,55.03,149,119
euee18507918,Male,ADDIS ABABA UNIVERSITY,Computer Science,1,2018 End Year,70.0,0,0,0,Pass,Pass,20.0,73.71,81,65
euee18508018,Female,ADDIS ABABA UNIVERSITY,Computer Science,1,2018 End Year,70.0,0,0,0,Pass,Pass,20.0,73.71,81,65
euee18508118,Male,ADDIS ABABA UNIVERSITY,Computer Science,1,2018 End Year,70.0,0,0,0,Pass,Pass,20.0,73.71,81,65
euee18508218,Male,ADDIS ABABA UNIVERSITY,Computer Science,1,2018 End Year,78.0,0,0,0,Pass,Pass,28.0,98.71,4,4
euee18508318,Male,ADDIS ABABA UNIVERSITY,Computer Science,1,2018 End Year,75.0,0,0,0,Pass,Pass,25.0,93.25,21,20
euee18508418,Male,ADDIS ABABA UNIVERSITY,Computer Science,1,2018 End Year,69.0,0,0,0,Pass,Pass,19.0,68.25,105,81
euee18508518,Male,ADDIS ABABA UNIVERSITY,Computer Science,1,2018 End Year,68.0,0,0,0,Pass,Pass,18.0,63.79,119,94
euee18508618,Male,ADDIS ABABA UNIVERSITY,Computer Science,1,2018 End Year,71.0,0,0,0,Pass,Pass,21.0,79.45,65,54
euee55309217,Male,ADDIS ABABA UNIVERSITY,Computer Science,1,2018 End Year,37.0,0,0,0,Fail,Fail,-13.0,4.74,330,239
euee18508718,Male,ADDIS ABABA UNIVERSITY,Computer Science,1,2018 End Year,69.0,0,0,0,Pass,Pass,19.0,68.25,105,81
euee18508818,Male,ADDIS ABABA UNIVERSITY,Computer Science,1,2018 End Year,64.0,0,0,0,Pass,Pass,14.0,46.98,179,138
euee18508918,Male,ADDIS ABABA UNIVERSITY,Computer Science,1,2018 End Year,70.0,0,0,0,Pass,Pass,20.0,73.71,81,65
euee18509018,Male,ADDIS ABABA UNIVERSITY,Computer Science,1,2018 End Year,72.0,0,0,0,Pass,Pass,22.0,84.05,49,43
euee18509118,Male,ADDIS ABABA UNIVERSITY,Computer Science,1,2018 End Year,73.0,0,0,0,Pass,Pass,23.0,88.36,35,32
euee18509218,Female,ADDIS ABABA UNIVERSITY,Computer Science,1,2018 End Year,71.0,0,0,0,Pass,Pass,21.0,79.45,65,54
euee18509318,Male,ADDIS ABABA UNIVERSITY,Computer Science,1,2018 End Year,73.0,0,0,0,Pass,Pass,23.0,88.36,35,32
euee18509418,Male,ADDIS ABABA UNIVERSITY,Computer Science,1,2018 End Year,67.0,0,0,0,Pass,Pass,17.0,59.48,136,109
euee18509518,Female,ADDIS ABABA UNIVERSITY,Computer Science,1,2018 End Year,70.0,0,0,0,Pass,Pass,20.0,73.71,81,65
euee18509618,Female,ADDIS ABABA UNIVERSITY,Computer Science,1,2018 End Year,66.0,0,0,0,Pass,Pass,16.0,55.03,149,119
euee18509718,Female,ADDIS ABABA UNIVERSITY,Computer Science,1,2018 End Year,67.0,0,0,0,Pass,Pass,17.0,59.48,136,109
euee18509818,Female,ADDIS ABABA UNIVERSITY,Computer Science,1,2018 End Year,56.0,0,0,0,Pass,Pass,6.0,27.73,250,183
euee18509918,Female,ADDIS ABABA UNIVERSITY,Computer Science,1,2018 End Year,64.0,0,0,0,Pass,Pass,14.0,46.98,179,138
euee18510018,Female,ADDIS ABABA UNIVERSITY,Computer Science,1,2018 End Year,51.0,0,0,0,Pass,Pass,1.0,19.4,281,201
euee18510118,Female,ADDIS ABABA UNIVERSITY,Computer Science,1,2018 End Year,66.0,0,0,0,Pass,Pass,16.0,55.03,149,119
euee00579016,Female,ADDIS ABABA UNIVERSITY,Computer Science,1,2018 End Year,28.0,0,0,0,Fail,Fail,-22.0,0.57,347,256
euee18510218,Female,ADDIS ABABA UNIVERSITY,Computer Science,1,2018 End Year,62.0,0,0,0,Pass,Pass,12.0,41.95,200,153
euee18510318,Male,ADDIS ABABA UNIVERSITY,Computer Science,1,2018 End Year,63.0,0,0,0,Pass,Pass,13.0,43.97,193,149
euee18510418,Male,ADDIS ABABA UNIVERSITY,Computer Science,1,2018 End Year,76.0,0,0,0,Pass,Pass,26.0,95.4,14,13
euee18510518,Female,ADDIS ABABA UNIVERSITY,Computer Science,1,2018 End Year,72.0,0,0,0,Pass,Pass,22.0,84.05,49,43
euee18510618,Female,ADDIS ABABA UNIVERSITY,Computer Science,1,2018 End Year,70.0,0,0,0,Pass,Pass,20.0,73.71,81,65
euee18510718,Female,ADDIS ABABA UNIVERSITY,Computer Science,1,2018 End Year,70.0,0,0,0,Pass,Pass,20.0,73.71,81,65
euee00579116,Female,ADDIS ABABA UNIVERSITY,Computer Science,1,2018 End Year,52.0,0,0,0,Pass,Pass,2.0,20.83,273,198
euee18510818,Male,ADDIS ABABA UNIVERSITY,Computer Science,1,2018 End Year,61.0,0,0,0,Pass,Pass,11.0,40.23,207,157
euee18510918,Female,ADDIS ABABA UNIVERSITY,Computer Science,1,2018 End Year,70.0,0,0,0,Pass,Pass,20.0,73.71,81,65
euee18511018,Female,ADDIS ABABA UNIVERSITY,Computer Science,1,2018 End Year,58.0,0,0,0,Pass,Pass,8.0,33.19,230,170
euee18511118,Male,ADDIS ABABA UNIVERSITY,Computer Science,1,2018 End Year,65.0,0,0,0,Pass,Pass,15.0,50.72,167,132
euee18511218,Female,ADDIS ABABA UNIVERSITY,Computer Science,1,2018 End Year,68.0,0,0,0,Pass,Pass,18.0,63.79,119,94
euee18511318,Male,ADDIS ABABA UNIVERSITY,Computer Science,1,2018 End Year,74.0,0,0,0,Pass,Pass,24.0,91.24,29,27
euee18511418,Male,ADDIS ABABA UNIVERSITY,Computer Science,1,2018 End Year,70.0,0,0,0,Pass,Pass,20.0,73.71,81,65
euee18511518,Male,ADDIS ABABA UNIVERSITY,Computer Science,1,2018 End Year,62.0,0,0,0,Pass,Pass,12.0,41.95,200,153
euee18511618,Male,ADDIS ABABA UNIVERSITY,Computer Science,1,2018 End Year,63.0,0,0,0,Pass,Pass,13.0,43.97,193,149
euee18511718,Male,ADDIS ABABA UNIVERSITY,Computer Science,1,2018 End Year,77.0,0,0,0,Pass,Pass,27.0,97.27,8,8
euee18511918,Female,ADDIS ABABA UNIVERSITY,Computer Science,1,2018 End Year,67.0,0,0,0,Pass,Pass,17.0,59.48,136,109
euee18512018,Female,ADDIS ABABA UNIVERSITY,Computer Science,1,2018 End Year,74.0,0,0,0,Pass,Pass,24.0,91.24,29,27
euee18512118,Female,ADDIS ABABA UNIVERSITY,Computer Science,1,2018 End Year,63.0,0,0,0,Pass,Pass,13.0,43.97,193,149
euee18512218,Female,ADDIS ABABA UNIVERSITY,Computer Science,1,2018 End Year,57.0,0,0,0,Pass,Pass,7.0,30.32,238,176
euee18512318,Male,ADDIS ABABA UNIVERSITY,Computer Science,1,2018 End Year,78.0,0,0,0,Pass,Pass,28.0,98.71,4,4
euee18512418,Male,ADDIS ABABA UNIVERSITY,Computer Science,1,2018 End Year,64.0,0,0,0,Pass,Pass,14.0,46.98,179,138
euee18512518,Male,ADDIS ABABA UNIVERSITY,Computer Science,1,2018 End Year,78.0,0,0,0,Pass,Pass,28.0,98.71,4,4
euee18512618,Male,ADDIS ABABA UNIVERSITY,Computer Science,1,2018 End Year,70.0,0,0,0,Pass,Pass,20.0,73.71,81,65
euee18512718,Male,ADDIS ABABA UNIVERSITY,Computer Science,1,2018 End Year,38.0,0,0,0,Fail,Fail,-12.0,6.47,324,233
euee18512818,Female,ADDIS ABABA UNIVERSITY,Computer Science,1,2018 End Year,68.0,0,0,0,Pass,Pass,18.0,63.79,119,94
euee18512918,Male,ADDIS ABABA UNIVERSITY,Computer Science,1,2018 End Year,71.0,0,0,0,Pass,Pass,21.0,79.45,65,54
euee18513018,Male,ADDIS ABABA UNIVERSITY,Computer Science,1,2018 End Year,70.0,0,0,0,Pass,Pass,20.0,73.71,81,65
euee18513118,Male,ADDIS ABABA UNIVERSITY,Computer Science,1,2018 End Year,76.0,0,0,0,Pass,Pass,26.0,95.4,14,13
euee18513218,Male,ADDIS ABABA UNIVERSITY,Computer Science,1,2018 End Year,65.0,0,0,0,Pass,Pass,15.0,50.72,167,132
euee18513318,Male,ADDIS ABABA UNIVERSITY,Computer Science,1,2018 End Year,68.0,0,0,0,Pass,Pass,18.0,63.79,119,94
euee18513418,Female,ADDIS ABABA UNIVERSITY,Computer Science,1,2018 End Year,77.0,0,0,0,Pass,Pass,27.0,97.27,8,8
euee18513518,Female,ADDIS ABABA UNIVERSITY,Computer Science,1,2018 End Year,58.0,0,0,0,Pass,Pass,8.0,33.19,230,170
euee18513618,Female,ADDIS ABABA UNIVERSITY,Computer Science,1,2018 End Year,68.0,0,0,0,Pass,Pass,18.0,63.79,119,94
euee18513718,Male,ADDIS ABABA UNIVERSITY,Computer Science,1,2018 End Year,69.0,0,0,0,Pass,Pass,19.0,68.25,105,81
euee18513818,Male,ADDIS ABABA UNIVERSITY,Computer Science,1,2018 End Year,68.0,0,0,0,Pass,Pass,18.0,63.79,119,94
euee18513918,Male,ADDIS ABABA UNIVERSITY,Computer Science,1,2018 End Year,67.0,0,0,0,Pass,Pass,17.0,59.48,136,109
euee18514018,Male,ADDIS ABABA UNIVERSITY,Computer Science,1,2018 End Year,66.0,0,0,0,Pass,Pass,16.0,55.03,149,119
euee18514218,Male,ADDIS ABABA UNIVERSITY,Computer Science,1,2018 End Year,64.0,0,0,0,Pass,Pass,14.0,46.98,179,138
euee18514318,Male,ADDIS ABABA UNIVERSITY,Computer Science,1,2018 End Year,66.0,0,0,0,Pass,Pass,16.0,55.03,149,119
euee18514418,Male,ADDIS ABABA UNIVERSITY,Computer Science,1,2018 End Year,66.0,0,0,0,Pass,Pass,16.0,55.03,149,119
euee18514518,Male,ADDIS ABABA UNIVERSITY,Computer Science,1,2018 End Year,70.0,0,0,0,Pass,Pass,20.0,73.71,81,65
euee18514618,Female,ADDIS ABABA UNIVERSITY,Computer Science,1,2018 End Year,64.0,0,0,0,Pass,Pass,14.0,46.98,179,138
euee18514718,Female,ADDIS ABABA UNIVERSITY,Computer Science,1,2018 End Year,64.0,0,0,0,Pass,Pass,14.0,46.98,179,138
euee18514818,Male,ADDIS ABABA UNIVERSITY,Computer Science,1,2018 End Year,71.0,0,0,0,Pass,Pass,21.0,79.45,65,54
euee18514918,Female,ADDIS ABABA UNIVERSITY,Computer Science,1,2018 End Year,78.0,0,0,0,Pass,Pass,28.0,98.71,4,4
euee18515018,Female,ADDIS ABABA UNIVERSITY,Computer Science,1,2018 End Year,63.0,0,0,0,Pass,Pass,13.0,43.97,193,149
euee18515118,Female,ADDIS ABABA UNIVERSITY,Computer Science,1,2018 End Year,57.0,0,0,0,Pass,Pass,7.0,30.32,238,176
euee00579916,Female,ADDIS ABABA UNIVERSITY,Computer Science,1,2018 End Year,36.0,0,0,0,Fail,Fail,-14.0,3.3,336,245
euee18515218,Male,ADDIS ABABA UNIVERSITY,Computer Science,1,2018 End Year,68.0,0,0,0,Pass,Pass,18.0,63.79,119,94
euee18515318,Female,ADDIS ABABA UNIVERSITY,Computer Science,1,2018 End Year,70.0,0,0,0,Pass,Pass,20.0,73.71,81,65
euee18515418,Male,ADDIS ABABA UNIVERSITY,Computer Science,1,2018 End Year,71.0,0,0,0,Pass,Pass,21.0,79.45,65,54
euee18515518,Male,ADDIS ABABA UNIVERSITY,Computer Science,1,2018 End Year,65.0,0,0,0,Pass,Pass,15.0,50.72,167,132
euee18515618,Male,ADDIS ABABA UNIVERSITY,Computer Science,1,2018 End Year,72.0,0,0,0,Pass,Pass,22.0,84.05,49,43
euee18515718,Female,ADDIS ABABA UNIVERSITY,Computer Science,1,2018 End Year,72.0,0,0,0,Pass,Pass,22.0,84.05,49,43
euee18515818,Male,ADDIS ABABA UNIVERSITY,Computer Science,1,2018 End Year,76.0,0,0,0,Pass,Pass,26.0,95.4,14,13
euee18515918,Male,ADDIS ABABA UNIVERSITY,Computer Science,1,2018 End Year,68.0,0,0,0,Pass,Pass,18.0,63.79,119,94
euee18516018,Male,ADDIS ABABA UNIVERSITY,Computer Science,1,2018 End Year,72.0,0,0,0,Pass,Pass,22.0,84.05,49,43
euee18516118,Male,ADDIS ABABA UNIVERSITY,Computer Science,1,2018 End Year,61.0,0,0,0,Pass,Pass,11.0,40.23,207,157
euee18516218,Male,ADDIS ABABA UNIVERSITY,Computer Science,1,2018 End Year,69.0,0,0,0,Pass,Pass,19.0,68.25,105,81
euee18516318,Male,ADDIS ABABA UNIVERSITY,Computer Science,1,2018 End Year,76.0,0,0,0,Pass,Pass,26.0,95.4,14,13
euee18516418,Male,ADDIS ABABA UNIVERSITY,Computer Science,1,2018 End Year,59.0,0,0,0,Pass,Pass,9.0,36.21,217,162
euee18516518,Male,ADDIS ABABA UNIVERSITY,Computer Science,1,2018 End Year,49.0,0,0,0,Fail,Fail,-1.0,16.95,289,205
euee18516618,Male,ADDIS ABABA UNIVERSITY,Computer Science,1,2018 End Year,73.0,0,0,0,Pass,Pass,23.0,88.36,35,32
euee18516718,Male,ADDIS ABABA UNIVERSITY,Computer Science,1,2018 End Year,73.0,0,0,0,Pass,Pass,23.0,88.36,35,32
euee18516818,Male,ADDIS ABABA UNIVERSITY,Computer Science,1,2018 End Year,72.0,0,0,0,Pass,Pass,22.0,84.05,49,43
euee18516918,Male,ADDIS ABABA UNIVERSITY,Computer Science,1,2018 End Year,62.0,0,0,0,Pass,Pass,12.0,41.95,200,153
euee18517018,Female,ADDIS ABABA UNIVERSITY,Computer Science,1,2018 End Year,66.0,0,0,0,Pass,Pass,16.0,55.03,149,119
euee18517118,Female,ADDIS ABABA UNIVERSITY,Computer Science,1,2018 End Year,60.0,0,0,0,Pass,Pass,10.0,38.79,212,160
euee18517218,Male,ADDIS ABABA UNIVERSITY,Computer Science,1,2018 End Year,69.0,0,0,0,Pass,Pass,19.0,68.25,105,81
euee00577716,Male,ADDIS ABABA UNIVERSITY,Computer Science,1,2018 End Year,37.0,0,0,0,Fail,Fail,-13.0,4.74,330,239
euee00580916,Male,ADDIS ABABA UNIVERSITY,Computer Science,1,2018 End Year,45.0,0,0,0,Fail,Fail,-5.0,13.07,301,212
euee00581116,Male,ADDIS ABABA UNIVERSITY,Computer Science,1,2018 End Year,39.0,0,0,0,Fail,Fail,-11.0,7.76,321,230
euee00578716,Female,ADDIS ABABA UNIVERSITY,Computer Science,1,2018 End Year,46.0,0,0,0,Fail,Fail,-4.0,14.22,299,210
euee55309917,Male,ADDIS ABABA UNIVERSITY,Computer Science,1,2018 End Year,36.0,0,0,0,Fail,Fail,-14.0,3.3,336,245
euee55310017,Male,ADDIS ABABA UNIVERSITY,Computer Science,1,2018 End Year,38.0,0,0,0,Fail,Fail,-12.0,6.47,324,233
euee14510018,Male,HILCOE SCHOOL OF COMPUTER SCIENCE & TECHNOLOGY,Computer Science,1,2018 End Year,70.0,0,0,0,Pass,Pass,20.0,73.71,81,17
euee14510118,Male,HILCOE SCHOOL OF COMPUTER SCIENCE & TECHNOLOGY,Computer Science,1,2018 End Year,70.0,0,0,0,Pass,Pass,20.0,73.71,81,17
euee14510218,Male,HILCOE SCHOOL OF COMPUTER SCIENCE & TECHNOLOGY,Computer Science,1,2018 End Year,66.0,0,0,0,Pass,Pass,16.0,55.03,149,31
euee14510318,Female,HILCOE SCHOOL OF COMPUTER SCIENCE & TECHNOLOGY,Computer Science,1,2018 End Year,57.0,0,0,0,Pass,Pass,7.0,30.32,238,63
euee14510418,Male,HILCOE SCHOOL OF COMPUTER SCIENCE & TECHNOLOGY,Computer Science,1,2018 End Year,60.0,0,0,0,Pass,Pass,10.0,38.79,212,53
euee14510518,Male,HILCOE SCHOOL OF COMPUTER SCIENCE & TECHNOLOGY,Computer Science,1,2018 End Year,51.0,0,0,0,Pass,Pass,1.0,19.4,281,81
euee14510618,Male,HILCOE SCHOOL OF COMPUTER SCIENCE & TECHNOLOGY,Computer Science,1,2018 End Year,58.0,0,0,0,Pass,Pass,8.0,33.19,230,61
euee14510718,Female,HILCOE SCHOOL OF COMPUTER SCIENCE & TECHNOLOGY,Computer Science,1,2018 End Year,65.0,0,0,0,Pass,Pass,15.0,50.72,167,36
adda0150216,Female,ADDIS ABABA UNIVERSITY,Computer Science,1,2018 End Year,43.0,0,0,0,Fail,Fail,-7.0,11.06,309,219
euee00578616,Female,ADDIS ABABA UNIVERSITY,Computer Science,1,2018 End Year,38.0,0,0,0,Fail,Fail,-12.0,6.47,324,233
euee00040818,Male,HILCOE SCHOOL OF COMPUTER SCIENCE & TECHNOLOGY,Computer Science,1,2018 End Year,53.0,0,0,0,Pass,Pass,3.0,23.13,265,73
euee14510918,Male,HILCOE SCHOOL OF COMPUTER SCIENCE & TECHNOLOGY,Computer Science,1,2018 End Year,55.0,0,0,0,Pass,Pass,5.0,26.01,256,70
euee14511018,Male,HILCOE SCHOOL OF COMPUTER SCIENCE & TECHNOLOGY,Computer Science,1,2018 End Year,50.0,0,0,0,Pass,Pass,0.0,18.25,283,82
euee14511118,Male,HILCOE SCHOOL OF COMPUTER SCIENCE & TECHNOLOGY,Computer Science,1,2018 End Year,75.0,0,0,0,Pass,Pass,25.0,93.25,21,2
euee14511218,Male,HILCOE SCHOOL OF COMPUTER SCIENCE & TECHNOLOGY,Computer Science,1,2018 End Year,65.0,0,0,0,Pass,Pass,15.0,50.72,167,36
euee14511318,Male,HILCOE SCHOOL OF COMPUTER SCIENCE & TECHNOLOGY,Computer Science,1,2018 End Year,62.0,0,0,0,Pass,Pass,12.0,41.95,200,48
euee14511418,Male,HILCOE SCHOOL OF COMPUTER SCIENCE & TECHNOLOGY,Computer Science,1,2018 End Year,61.0,0,0,0,Pass,Pass,11.0,40.23,207,51
euee14511518,Male,HILCOE SCHOOL OF COMPUTER SCIENCE & TECHNOLOGY,Computer Science,1,2018 End Year,67.0,0,0,0,Pass,Pass,17.0,59.48,136,28
euee14511618,Male,HILCOE SCHOOL OF COMPUTER SCIENCE & TECHNOLOGY,Computer Science,1,2018 End Year,49.0,0,0,0,Fail,Fail,-1.0,16.95,289,85
euee14511718,Female,HILCOE SCHOOL OF COMPUTER SCIENCE & TECHNOLOGY,Computer Science,1,2018 End Year,66.0,0,0,0,Pass,Pass,16.0,55.03,149,31
euee14511818,Female,HILCOE SCHOOL OF COMPUTER SCIENCE & TECHNOLOGY,Computer Science,1,2018 End Year,72.0,0,0,0,Pass,Pass,22.0,84.05,49,7
euee14511918,Male,HILCOE SCHOOL OF COMPUTER SCIENCE & TECHNOLOGY,Computer Science,1,2018 End Year,68.0,0,0,0,Pass,Pass,18.0,63.79,119,26
euee14512018,Male,HILCOE SCHOOL OF COMPUTER SCIENCE & TECHNOLOGY,Computer Science,1,2018 End Year,70.0,0,0,0,Pass,Pass,20.0,73.71,81,17
euee14512118,Male,HILCOE SCHOOL OF COMPUTER SCIENCE & TECHNOLOGY,Computer Science,1,2018 End Year,50.0,0,0,0,Pass,Pass,0.0,18.25,283,82
euee14512218,Male,HILCOE SCHOOL OF COMPUTER SCIENCE & TECHNOLOGY,Computer Science,1,2018 End Year,63.0,0,0,0,Pass,Pass,13.0,43.97,193,45
euee03520018,Female,ADDIS ABABA UNIVERSITY,Computer Science,1,2018 End Year,38.0,0,0,0,Fail,Fail,-12.0,6.47,324,233
euee14512318,Male,HILCOE SCHOOL OF COMPUTER SCIENCE & TECHNOLOGY,Computer Science,1,2018 End Year,52.0,0,0,0,Pass,Pass,2.0,20.83,273,76
euee14512418,Male,HILCOE SCHOOL OF COMPUTER SCIENCE & TECHNOLOGY,Computer Science,1,2018 End Year,59.0,0,0,0,Pass,Pass,9.0,36.21,217,56
euee14512518,Female,HILCOE SCHOOL OF COMPUTER SCIENCE & TECHNOLOGY,Computer Science,1,2018 End Year,56.0,0,0,0,Pass,Pass,6.0,27.73,250,68
euee14512618,Male,HILCOE SCHOOL OF COMPUTER SCIENCE & TECHNOLOGY,Computer Science,1,2018 End Year,57.0,0,0,0,Pass,Pass,7.0,30.32,238,63
euee14512718,Male,HILCOE SCHOOL OF COMPUTER SCIENCE & TECHNOLOGY,Computer Science,1,2018 End Year,60.0,0,0,0,Pass,Pass,10.0,38.79,212,53
euee14512818,Male,HILCOE SCHOOL OF COMPUTER SCIENCE & TECHNOLOGY,Computer Science,1,2018 End Year,59.0,0,0,0,Pass,Pass,9.0,36.21,217,56
euee14512918,Female,HILCOE SCHOOL OF COMPUTER SCIENCE & TECHNOLOGY,Computer Science,1,2018 End Year,68.0,0,0,0,Pass,Pass,18.0,63.79,119,26
euee14513018,Female,HILCOE SCHOOL OF COMPUTER SCIENCE & TECHNOLOGY,Computer Science,1,2018 End Year,60.0,0,0,0,Pass,Pass,10.0,38.79,212,53
euee14513118,Male,HILCOE SCHOOL OF COMPUTER SCIENCE & TECHNOLOGY,Computer Science,1,2018 End Year,74.0,0,0,0,Pass,Pass,24.0,91.24,29,3
euee14513218,Male,HILCOE SCHOOL OF COMPUTER SCIENCE & TECHNOLOGY,Computer Science,1,2018 End Year,59.0,0,0,0,Pass,Pass,9.0,36.21,217,56
euee14513318,Male,HILCOE SCHOOL OF COMPUTER SCIENCE & TECHNOLOGY,Computer Science,1,2018 End Year,59.0,0,0,0,Pass,Pass,9.0,36.21,217,56
euee55310317,Female,ADDIS ABABA UNIVERSITY,Computer Science,1,2018 End Year,40.0,0,0,0,Fail,Fail,-10.0,8.91,316,225
euee14513418,Male,HILCOE SCHOOL OF COMPUTER SCIENCE & TECHNOLOGY,Computer Science,1,2018 End Year,64.0,0,0,0,Pass,Pass,14.0,46.98,179,42
euee55305417,Male,ADDIS ABABA UNIVERSITY,Computer Science,1,2018 End Year,44.0,0,0,0,Fail,Fail,-6.0,11.93,307,217
euee14513518,Male,HILCOE SCHOOL OF COMPUTER SCIENCE & TECHNOLOGY,Computer Science,1,2018 End Year,59.0,0,0,0,Pass,Pass,9.0,36.21,217,56
euee14513618,Male,HILCOE SCHOOL OF COMPUTER SCIENCE & TECHNOLOGY,Computer Science,1,2018 End Year,54.0,0,0,0,Pass,Pass,4.0,24.71,262,71
euee00579616,Female,ADDIS ABABA UNIVERSITY,Computer Science,1,2018 End Year,42.0,0,0,0,Fail,Fail,-8.0,10.2,313,222
euee14513718,Female,HILCOE SCHOOL OF COMPUTER SCIENCE & TECHNOLOGY,Computer Science,1,2018 End Year,57.0,0,0,0,Pass,Pass,7.0,30.32,238,63
adda0155016,Female,ADDIS ABABA UNIVERSITY,Computer Science,1,2018 End Year,38.0,0,0,0,Fail,Fail,-12.0,6.47,324,233
euee14513818,Female,HILCOE SCHOOL OF COMPUTER SCIENCE & TECHNOLOGY,Computer Science,1,2018 End Year,62.0,0,0,0,Pass,Pass,12.0,41.95,200,48
euee14513918,Female,HILCOE SCHOOL OF COMPUTER SCIENCE & TECHNOLOGY,Computer Science,1,2018 End Year,71.0,0,0,0,Pass,Pass,21.0,79.45,65,12
euee55310517,Female,ADDIS ABABA UNIVERSITY,Computer Science,1,2018 End Year,35.0,0,0,0,Fail,Fail,-15.0,2.3,340,249
euee14514018,Female,HILCOE SCHOOL OF COMPUTER SCIENCE & TECHNOLOGY,Computer Science,1,2018 End Year,67.0,0,0,0,Pass,Pass,17.0,59.48,136,28
euee14514118,Female,HILCOE SCHOOL OF COMPUTER SCIENCE & TECHNOLOGY,Computer Science,1,2018 End Year,72.0,0,0,0,Pass,Pass,22.0,84.05,49,7
euee14514218,Male,HILCOE SCHOOL OF COMPUTER SCIENCE & TECHNOLOGY,Computer Science,1,2018 End Year,65.0,0,0,0,Pass,Pass,15.0,50.72,167,36
euee14514318,Male,HILCOE SCHOOL OF COMPUTER SCIENCE & TECHNOLOGY,Computer Science,1,2018 End Year,48.0,0,0,0,Fail,Fail,-2.0,15.95,292,86
euee14514418,Female,HILCOE SCHOOL OF COMPUTER SCIENCE & TECHNOLOGY,Computer Science,1,2018 End Year,67.0,0,0,0,Pass,Pass,17.0,59.48,136,28
euee00579816,Female,ADDIS ABABA UNIVERSITY,Computer Science,1,2018 End Year,39.0,0,0,0,Fail,Fail,-11.0,7.76,321,230
euee14514518,Female,HILCOE SCHOOL OF COMPUTER SCIENCE & TECHNOLOGY,Computer Science,1,2018 End Year,65.0,0,0,0,Pass,Pass,15.0,50.72,167,36
euee14514718,Male,HILCOE SCHOOL OF COMPUTER SCIENCE & TECHNOLOGY,Computer Science,1,2018 End Year,64.0,0,0,0,Pass,Pass,14.0,46.98,179,42
euee14514818,Female,HILCOE SCHOOL OF COMPUTER SCIENCE & TECHNOLOGY,Computer Science,1,2018 End Year,61.0,0,0,0,Pass,Pass,11.0,40.23,207,51
euee14514918,Male,HILCOE SCHOOL OF COMPUTER SCIENCE & TECHNOLOGY,Computer Science,1,2018 End Year,73.0,0,0,0,Pass,Pass,23.0,88.36,35,4
euee14515018,Male,HILCOE SCHOOL OF COMPUTER SCIENCE & TECHNOLOGY,Computer Science,1,2018 End Year,64.0,0,0,0,Pass,Pass,14.0,46.98,179,42
euee14515118,Male,HILCOE SCHOOL OF COMPUTER SCIENCE & TECHNOLOGY,Computer Science,1,2018 End Year,73.0,0,0,0,Pass,Pass,23.0,88.36,35,4
euee14515218,Male,HILCOE SCHOOL OF COMPUTER SCIENCE & TECHNOLOGY,Computer Science,1,2018 End Year,70.0,0,0,0,Pass,Pass,20.0,73.71,81,17
euee14515318,Male,HILCOE SCHOOL OF COMPUTER SCIENCE & TECHNOLOGY,Computer Science,1,2018 End Year,71.0,0,0,0,Pass,Pass,21.0,79.45,65,12
euee14515418,Male,HILCOE SCHOOL OF COMPUTER SCIENCE & TECHNOLOGY,Computer Science,1,2018 End Year,72.0,0,0,0,Pass,Pass,22.0,84.05,49,7
euee14515518,Male,HILCOE SCHOOL OF COMPUTER SCIENCE & TECHNOLOGY,Computer Science,1,2018 End Year,72.0,0,0,0,Pass,Pass,22.0,84.05,49,7
euee14515618,Male,HILCOE SCHOOL OF COMPUTER SCIENCE & TECHNOLOGY,Computer Science,1,2018 End Year,77.0,0,0,0,Pass,Pass,27.0,97.27,8,1
euee14515718,Male,HILCOE SCHOOL OF COMPUTER SCIENCE & TECHNOLOGY,Computer Science,1,2018 End Year,43.0,0,0,0,Fail,Fail,-7.0,11.06,309,91
euee14515818,Female,HILCOE SCHOOL OF COMPUTER SCIENCE & TECHNOLOGY,Computer Science,1,2018 End Year,63.0,0,0,0,Pass,Pass,13.0,43.97,193,45
euee14515918,Female,HILCOE SCHOOL OF COMPUTER SCIENCE & TECHNOLOGY,Computer Science,1,2018 End Year,70.0,0,0,0,Pass,Pass,20.0,73.71,81,17
euee14516018,Female,HILCOE SCHOOL OF COMPUTER SCIENCE & TECHNOLOGY,Computer Science,1,2018 End Year,62.0,0,0,0,Pass,Pass,12.0,41.95,200,48
euee14516118,Female,HILCOE SCHOOL OF COMPUTER SCIENCE & TECHNOLOGY,Computer Science,1,2018 End Year,63.0,0,0,0,Pass,Pass,13.0,43.97,193,45
euee14516218,Female,HILCOE SCHOOL OF COMPUTER SCIENCE & TECHNOLOGY,Computer Science,1,2018 End Year,56.0,0,0,0,Pass,Pass,6.0,27.73,250,68
euee14516318,Male,HILCOE SCHOOL OF COMPUTER SCIENCE & TECHNOLOGY,Computer Science,1,2018 End Year,66.0,0,0,0,Pass,Pass,16.0,55.03,149,31
euee14516418,Male,HILCOE SCHOOL OF COMPUTER SCIENCE & TECHNOLOGY,Computer Science,1,2018 End Year,73.0,0,0,0,Pass,Pass,23.0,88.36,35,4
euee14516518,Female,HILCOE SCHOOL OF COMPUTER SCIENCE & TECHNOLOGY,Computer Science,1,2018 End Year,65.0,0,0,0,Pass,Pass,15.0,50.72,167,36
euee14516618,Male,HILCOE SCHOOL OF COMPUTER SCIENCE & TECHNOLOGY,Computer Science,1,2018 End Year,57.0,0,0,0,Pass,Pass,7.0,30.32,238,63
euee14516718,Male,HILCOE SCHOOL OF COMPUTER SCIENCE & TECHNOLOGY,Computer Science,1,2018 End Year,50.0,0,0,0,Pass,Pass,0.0,18.25,283,82
euee14516818,Male,HILCOE SCHOOL OF COMPUTER SCIENCE & TECHNOLOGY,Computer Science,1,2018 End Year,57.0,0,0,0,Pass,Pass,7.0,30.32,238,63
euee14516918,Female,HILCOE SCHOOL OF COMPUTER SCIENCE & TECHNOLOGY,Computer Science,1,2018 End Year,70.0,0,0,0,Pass,Pass,20.0,73.71,81,17
euee14517018,Male,HILCOE SCHOOL OF COMPUTER SCIENCE & TECHNOLOGY,Computer Science,1,2018 End Year,66.0,0,0,0,Pass,Pass,16.0,55.03,149,31
euee14517118,Female,HILCOE SCHOOL OF COMPUTER SCIENCE & TECHNOLOGY,Computer Science,1,2018 End Year,58.0,0,0,0,Pass,Pass,8.0,33.19,230,61
euee14517218,Female,HILCOE SCHOOL OF COMPUTER SCIENCE & TECHNOLOGY,Computer Science,1,2018 End Year,71.0,0,0,0,Pass,Pass,21.0,79.45,65,12
euee14517318,Female,HILCOE SCHOOL OF COMPUTER SCIENCE & TECHNOLOGY,Computer Science,1,2018 End Year,65.0,0,0,0,Pass,Pass,15.0,50.72,167,36
euee14517418,Male,HILCOE SCHOOL OF COMPUTER SCIENCE & TECHNOLOGY,Computer Science,1,2018 End Year,52.0,0,0,0,Pass,Pass,2.0,20.83,273,76
euee14517518,Female,HILCOE SCHOOL OF COMPUTER SCIENCE & TECHNOLOGY,Computer Science,1,2018 End Year,53.0,0,0,0,Pass,Pass,3.0,23.13,265,73
euee14517618,Female,HILCOE SCHOOL OF COMPUTER SCIENCE & TECHNOLOGY,Computer Science,1,2018 End Year,72.0,0,0,0,Pass,Pass,22.0,84.05,49,7
euee14517718,Male,HILCOE SCHOOL OF COMPUTER SCIENCE & TECHNOLOGY,Computer Science,1,2018 End Year,45.0,0,0,0,Fail,Fail,-5.0,13.07,301,90
euee00577816,Male,ADDIS ABABA UNIVERSITY,Computer Science,1,2018 End Year,33.0,0,0,0,Fail,Fail,-17.0,1.15,344,253
euee14517818,Female,HILCOE SCHOOL OF COMPUTER SCIENCE & TECHNOLOGY,Computer Science,1,2018 End Year,54.0,0,0,0,Pass,Pass,4.0,24.71,262,71
euee03520318,Female,ADDIS ABABA UNIVERSITY,Computer Science,1,2018 Mid Year,45.0,0,0,0,Fail,Fail,-5.0,13.07,301,212
euee14517918,Female,HILCOE SCHOOL OF COMPUTER SCIENCE & TECHNOLOGY,Computer Science,1,2018 End Year,66.0,0,0,0,Pass,Pass,16.0,55.03,149,31
euee03520518,Male,ADDIS ABABA UNIVERSITY,Computer Science,1,2018 End Year,56.0,0,0,0,Pass,Pass,6.0,27.73,250,183
euee14518018,Male,HILCOE SCHOOL OF COMPUTER SCIENCE & TECHNOLOGY,Computer Science,1,2018 End Year,69.0,0,0,0,Pass,Pass,19.0,68.25,105,25
euee14518118,Female,HILCOE SCHOOL OF COMPUTER SCIENCE & TECHNOLOGY,Computer Science,1,2018 End Year,48.0,0,0,0,Fail,Fail,-2.0,15.95,292,86
euee14518218,Male,HILCOE SCHOOL OF COMPUTER SCIENCE & TECHNOLOGY,Computer Science,1,2018 End Year,48.0,0,0,0,Fail,Fail,-2.0,15.95,292,86
euee14518318,Female,HILCOE SCHOOL OF COMPUTER SCIENCE & TECHNOLOGY,Computer Science,1,2018 End Year,52.0,0,0,0,Pass,Pass,2.0,20.83,273,76
euee14518418,Male,HILCOE SCHOOL OF COMPUTER SCIENCE & TECHNOLOGY,Computer Science,1,2018 End Year,52.0,0,0,0,Pass,Pass,2.0,20.83,273,76
euee03520418,Male,ADDIS ABABA UNIVERSITY,Computer Science,1,2018 End Year,33.0,0,0,0,Fail,Fail,-17.0,1.15,344,253
euee14518518,Male,HILCOE SCHOOL OF COMPUTER SCIENCE & TECHNOLOGY,Computer Science,1,2018 End Year,47.0,0,0,0,Fail,Fail,-3.0,14.94,296,89
euee14518618,Male,HILCOE SCHOOL OF COMPUTER SCIENCE & TECHNOLOGY,Computer Science,1,2018 End Year,71.0,0,0,0,Pass,Pass,21.0,79.45,65,12
euee14518718,Male,HILCOE SCHOOL OF COMPUTER SCIENCE & TECHNOLOGY,Computer Science,1,2018 End Year,70.0,0,0,0,Pass,Pass,20.0,73.71,81,17
euee14518818,Male,HILCOE SCHOOL OF COMPUTER SCIENCE & TECHNOLOGY,Computer Science,1,2018 End Year,70.0,0,0,0,Pass,Pass,20.0,73.71,81,17
euee14518918,Male,HILCOE SCHOOL OF COMPUTER SCIENCE & TECHNOLOGY,Computer Science,1,2018 End Year,71.0,0,0,0,Pass,Pass,21.0,79.45,65,12
euee14519018,Male,HILCOE SCHOOL OF COMPUTER SCIENCE & TECHNOLOGY,Computer Science,1,2018 End Year,52.0,0,0,0,Pass,Pass,2.0,20.83,273,76
euee14519118,Male,HILCOE SCHOOL OF COMPUTER SCIENCE & TECHNOLOGY,Computer Science,1,2018 End Year,53.0,0,0,0,Pass,Pass,3.0,23.13,265,73
euee18522118,Male,ADDIS ABABA UNIVERSITY,Computer Science,1,2018 End Year,39.0,0,0,0,Fail,Fail,-11.0,7.76,321,230
euee18522218,Male,ADDIS ABABA UNIVERSITY,Computer Science,1,2018 End Year,37.0,0,0,0,Fail,Fail,-13.0,4.74,330,239
euee18522318,Female,ADDIS ABABA UNIVERSITY,Computer Science,1,2018 End Year,50.0,0,0,0,Pass,Pass,0.0,18.25,283,202
euee18522418,Female,ADDIS ABABA UNIVERSITY,Computer Science,1,2018 End Year,36.0,0,0,0,Fail,Fail,-14.0,3.3,336,245
euee18522518,Male,ADDIS ABABA UNIVERSITY,Computer Science,1,2018 End Year,64.0,0,0,0,Pass,Pass,14.0,46.98,179,138
euee18522618,Male,ADDIS ABABA UNIVERSITY,Computer Science,1,2018 End Year,40.0,0,0,0,Fail,Fail,-10.0,8.91,316,225
euee18522718,Female,ADDIS ABABA UNIVERSITY,Computer Science,1,2018 End Year,40.0,0,0,0,Fail,Fail,-10.0,8.91,316,225
euee18522818,Male,ADDIS ABABA UNIVERSITY,Computer Science,1,2018 End Year,48.0,0,0,0,Fail,Fail,-2.0,15.95,292,207
euee18522918,Female,ADDIS ABABA UNIVERSITY,Computer Science,1,2018 End Year,57.0,0,0,0,Pass,Pass,7.0,30.32,238,176
euee18523018,Female,ADDIS ABABA UNIVERSITY,Computer Science,1,2018 End Year,33.0,0,0,0,Fail,Fail,-17.0,1.15,344,253
euee18523118,Male,ADDIS ABABA UNIVERSITY,Computer Science,1,2018 End Year,42.0,0,0,0,Fail,Fail,-8.0,10.2,313,222
euee18523218,Female,ADDIS ABABA UNIVERSITY,Computer Science,1,2018 End Year,53.0,0,0,0,Pass,Pass,3.0,23.13,265,193
euee18523318,Male,ADDIS ABABA UNIVERSITY,Computer Science,1,2018 End Year,53.0,0,0,0,Pass,Pass,3.0,23.13,265,193
euee24079218,Male,ADDIS ABABA UNIVERSITY,Computer Science,1,2018 End Year,65.0,0,0,0,Pass,Pass,15.0,50.72,167,132
euee18523418,Female,ADDIS ABABA UNIVERSITY,Computer Science,1,2018 End Year,37.0,0,0,0,Fail,Fail,-13.0,4.74,330,239
euee18523518,Female,ADDIS ABABA UNIVERSITY,Computer Science,1,2018 End Year,37.0,0,0,0,Fail,Fail,-13.0,4.74,330,239
euee18523618,Male,ADDIS ABABA UNIVERSITY,Computer Science,1,2018 End Year,53.0,0,0,0,Pass,Pass,3.0,23.13,265,193
euee18523718,Female,ADDIS ABABA UNIVERSITY,Computer Science,1,2018 End Year,50.0,0,0,0,Pass,Pass,0.0,18.25,283,202
euee18523818,Male,ADDIS ABABA UNIVERSITY,Computer Science,1,2018 End Year,53.0,0,0,0,Pass,Pass,3.0,23.13,265,193
euee18523918,Female,ADDIS ABABA UNIVERSITY,Computer Science,1,2018 End Year,40.0,0,0,0,Fail,Fail,-10.0,8.91,316,225
euee18524018,Male,ADDIS ABABA UNIVERSITY,Computer Science,1,2018 End Year,25.0,0,0,0,Fail,Fail,-25.0,0.29,348,257
euee18524118,Female,ADDIS ABABA UNIVERSITY,Computer Science,1,2018 End Year,45.0,0,0,0,Fail,Fail,-5.0,13.07,301,212
euee18524218,Male,ADDIS ABABA UNIVERSITY,Computer Science,1,2018 End Year,46.0,0,0,0,Fail,Fail,-4.0,14.22,299,210
euee18524318,Male,ADDIS ABABA UNIVERSITY,Computer Science,1,2018 End Year,53.0,0,0,0,Pass,Pass,3.0,23.13,265,193
euee18524418,Male,ADDIS ABABA UNIVERSITY,Computer Science,1,2018 End Year,49.0,0,0,0,Fail,Fail,-1.0,16.95,289,205
euee24078418,Male,ADDIS ABABA UNIVERSITY,Computer Science,1,2018 End Year,38.0,0,0,0,Fail,Fail,-12.0,6.47,324,233
euee18524518,Male,ADDIS ABABA UNIVERSITY,Computer Science,1,2018 End Year,57.0,0,0,0,Pass,Pass,7.0,30.32,238,176
euee18524618,Male,ADDIS ABABA UNIVERSITY,Computer Science,1,2018 End Year,66.0,0,0,0,Pass,Pass,16.0,55.03,149,119
euee24078918,Female,ADDIS ABABA UNIVERSITY,Computer Science,1,2018 End Year,71.0,0,0,0,Pass,Pass,21.0,79.45,65,54
euee18524718,Male,ADDIS ABABA UNIVERSITY,Computer Science,1,2018 End Year,45.0,0,0,0,Fail,Fail,-5.0,13.07,301,212
euee18524818,Female,ADDIS ABABA UNIVERSITY,Computer Science,1,2018 End Year,41.0,0,0,0,Fail,Fail,-9.0,9.77,315,224
euee18524918,Female,ADDIS ABABA UNIVERSITY,Computer Science,1,2018 End Year,69.0,0,0,0,Pass,Pass,19.0,68.25,105,81
euee24078818,Male,ADDIS ABABA UNIVERSITY,Computer Science,1,2018 End Year,59.0,0,0,0,Pass,Pass,9.0,36.21,217,162
euee24078518,Male,ADDIS ABABA UNIVERSITY,Computer Science,1,2018 End Year,52.0,0,0,0,Pass,Pass,2.0,20.83,273,198
euee18525018,Female,ADDIS ABABA UNIVERSITY,Computer Science,1,2018 End Year,34.0,0,0,0,Fail,Fail,-16.0,1.72,343,252
euee18525118,Male,ADDIS ABABA UNIVERSITY,Computer Science,1,2018 End Year,50.0,0,0,0,Pass,Pass,0.0,18.25,283,202
euee18525218,Male,ADDIS ABABA UNIVERSITY,Computer Science,1,2018 End Year,64.0,0,0,0,Pass,Pass,14.0,46.98,179,138
euee18525318,Male,ADDIS ABABA UNIVERSITY,Computer Science,1,2018 End Year,59.0,0,0,0,Pass,Pass,9.0,36.21,217,162
euee18525418,Male,ADDIS ABABA UNIVERSITY,Computer Science,1,2018 End Year,55.0,0,0,0,Pass,Pass,5.0,26.01,256,187
euee18525518,Male,ADDIS ABABA UNIVERSITY,Computer Science,1,2018 End Year,47.0,0,0,0,Fail,Fail,-3.0,14.94,296,208
euee24079318,Male,ADDIS ABABA UNIVERSITY,Computer Science,1,2018 End Year,58.0,0,0,0,Pass,Pass,8.0,33.19,230,170
euee18525618,Male,ADDIS ABABA UNIVERSITY,Computer Science,1,2018 End Year,59.0,0,0,0,Pass,Pass,9.0,36.21,217,162
euee18525718,Male,ADDIS ABABA UNIVERSITY,Computer Science,1,2018 End Year,70.0,0,0,0,Pass,Pass,20.0,73.71,81,65
euee18525818,Male,ADDIS ABABA UNIVERSITY,Computer Science,1,2018 End Year,35.0,0,0,0,Fail,Fail,-15.0,2.3,340,249
euee18525918,Male,ADDIS ABABA UNIVERSITY,Computer Science,1,2018 End Year,58.0,0,0,0,Pass,Pass,8.0,33.19,230,170
euee18526018,Male,ADDIS ABABA UNIVERSITY,Computer Science,1,2018 End Year,58.0,0,0,0,Pass,Pass,8.0,33.19,230,170
euee24078318,Male,ADDIS ABABA UNIVERSITY,Computer Science,1,2018 End Year,43.0,0,0,0,Fail,Fail,-7.0,11.06,309,219
euee18526118,Male,ADDIS ABABA UNIVERSITY,Computer Science,1,2018 End Year,61.0,0,0,0,Pass,Pass,11.0,40.23,207,157
euee24087518,Male,ADDIS ABABA UNIVERSITY,Computer Science,1,2018 End Year,43.0,0,0,0,Fail,Fail,-7.0,11.06,309,219
euee24079018,Female,ADDIS ABABA UNIVERSITY,Computer Science,1,2018 End Year,62.0,0,0,0,Pass,Pass,12.0,41.95,200,153
euee18517318,Male,ADDIS ABABA UNIVERSITY,Computer Science,1,2018 End Year,57.0,0,0,0,Pass,Pass,7.0,30.32,238,176
euee18517418,Female,ADDIS ABABA UNIVERSITY,Computer Science,1,2018 End Year,60.0,0,0,0,Pass,Pass,10.0,38.79,212,160
euee18517518,Male,ADDIS ABABA UNIVERSITY,Computer Science,1,2018 End Year,69.0,0,0,0,Pass,Pass,19.0,68.25,105,81
euee18517618,Female,ADDIS ABABA UNIVERSITY,Computer Science,1,2018 End Year,72.0,0,0,0,Pass,Pass,22.0,84.05,49,43
euee18517718,Female,ADDIS ABABA UNIVERSITY,Computer Science,1,2018 End Year,68.0,0,0,0,Pass,Pass,18.0,63.79,119,94
euee18517818,Male,ADDIS ABABA UNIVERSITY,Computer Science,1,2018 End Year,59.0,0,0,0,Pass,Pass,9.0,36.21,217,162
euee18517918,Male,ADDIS ABABA UNIVERSITY,Computer Science,1,2018 End Year,68.0,0,0,0,Pass,Pass,18.0,63.79,119,94
euee18518018,Female,ADDIS ABABA UNIVERSITY,Computer Science,1,2018 End Year,69.0,0,0,0,Pass,Pass,19.0,68.25,105,81
euee18518118,Female,ADDIS ABABA UNIVERSITY,Computer Science,1,2018 End Year,75.0,0,0,0,Pass,Pass,25.0,93.25,21,20
euee18518218,Male,ADDIS ABABA UNIVERSITY,Computer Science,1,2018 End Year,79.0,0,0,0,Pass,Pass,29.0,99.71,1,1
euee18518318,Female,ADDIS ABABA UNIVERSITY,Computer Science,1,2018 End Year,64.0,0,0,0,Pass,Pass,14.0,46.98,179,138
euee18518418,Male,ADDIS ABABA UNIVERSITY,Computer Science,1,2018 End Year,66.0,0,0,0,Pass,Pass,16.0,55.03,149,119
euee18518518,Male,ADDIS ABABA UNIVERSITY,Computer Science,1,2018 End Year,65.0,0,0,0,Pass,Pass,15.0,50.72,167,132
euee18518618,Female,ADDIS ABABA UNIVERSITY,Computer Science,1,2018 End Year,67.0,0,0,0,Pass,Pass,17.0,59.48,136,109
euee18518718,Female,ADDIS ABABA UNIVERSITY,Computer Science,1,2018 End Year,73.0,0,0,0,Pass,Pass,23.0,88.36,35,32
euee18526218,Female,ADDIS ABABA UNIVERSITY,Computer Science,1,2018 End Year,54.0,0,0,0,Pass,Pass,4.0,24.71,262,192
euee18526318,Female,ADDIS ABABA UNIVERSITY,Computer Science,1,2018 End Year,58.0,0,0,0,Pass,Pass,8.0,33.19,230,170
euee18526418,Male,ADDIS ABABA UNIVERSITY,Computer Science,1,2018 End Year,35.0,0,0,0,Fail,Fail,-15.0,2.3,340,249
euee18518818,Male,ADDIS ABABA UNIVERSITY,Computer Science,1,2018 End Year,57.0,0,0,0,Pass,Pass,7.0,30.32,238,176
euee18518918,Male,ADDIS ABABA UNIVERSITY,Computer Science,1,2018 End Year,75.0,0,0,0,Pass,Pass,25.0,93.25,21,20
euee18519018,Male,ADDIS ABABA UNIVERSITY,Computer Science,1,2018 End Year,72.0,0,0,0,Pass,Pass,22.0,84.05,49,43
euee18519118,Female,ADDIS ABABA UNIVERSITY,Computer Science,1,2018 End Year,71.0,0,0,0,Pass,Pass,21.0,79.45,65,54
euee18519218,Female,ADDIS ABABA UNIVERSITY,Computer Science,1,2018 End Year,68.0,0,0,0,Pass,Pass,18.0,63.79,119,94
euee18526518,Male,ADDIS ABABA UNIVERSITY,Computer Science,1,2018 End Year,36.0,0,0,0,Fail,Fail,-14.0,3.3,336,245
euee18519318,Male,ADDIS ABABA UNIVERSITY,Computer Science,1,2018 End Year,68.0,0,0,0,Pass,Pass,18.0,63.79,119,94
euee18519418,Male,ADDIS ABABA UNIVERSITY,Computer Science,1,2018 End Year,70.0,0,0,0,Pass,Pass,20.0,73.71,81,65
euee18526618,Male,ADDIS ABABA UNIVERSITY,Computer Science,1,2018 End Year,37.0,0,0,0,Fail,Fail,-13.0,4.74,330,239
euee18519518,Female,ADDIS ABABA UNIVERSITY,Computer Science,1,2018 End Year,68.0,0,0,0,Pass,Pass,18.0,63.79,119,94
euee18519618,Male,ADDIS ABABA UNIVERSITY,Computer Science,1,2018 End Year,71.0,0,0,0,Pass,Pass,21.0,79.45,65,54
euee24079118,Female,ADDIS ABABA UNIVERSITY,Computer Science,1,2018 End Year,71.0,0,0,0,Pass,Pass,21.0,79.45,65,54
euee18519718,Female,ADDIS ABABA UNIVERSITY,Computer Science,1,2018 End Year,73.0,0,0,0,Pass,Pass,23.0,88.36,35,32
euee18519818,Male,ADDIS ABABA UNIVERSITY,Computer Science,1,2018 End Year,76.0,0,0,0,Pass,Pass,26.0,95.4,14,13
euee24078618,Female,ADDIS ABABA UNIVERSITY,Computer Science,1,2018 End Year,59.0,0,0,0,Pass,Pass,9.0,36.21,217,162
euee18519918,Female,ADDIS ABABA UNIVERSITY,Computer Science,1,2018 End Year,73.0,0,0,0,Pass,Pass,23.0,88.36,35,32
euee18520018,Female,ADDIS ABABA UNIVERSITY,Computer Science,1,2018 End Year,72.0,0,0,0,Pass,Pass,22.0,84.05,49,43
euee18520118,Male,ADDIS ABABA UNIVERSITY,Computer Science,1,2018 End Year,74.0,0,0,0,Pass,Pass,24.0,91.24,29,27
euee18520218,Male,ADDIS ABABA UNIVERSITY,Computer Science,1,2018 End Year,75.0,0,0,0,Pass,Pass,25.0,93.25,21,20
euee24087618,Female,ADDIS ABABA UNIVERSITY,Computer Science,1,2018 End Year,65.0,0,0,0,Pass,Pass,15.0,50.72,167,132
euee18520318,Male,ADDIS ABABA UNIVERSITY,Computer Science,1,2018 End Year,67.0,0,0,0,Pass,Pass,17.0,59.48,136,109
euee18520418,Male,ADDIS ABABA UNIVERSITY,Computer Science,1,2018 End Year,74.0,0,0,0,Pass,Pass,24.0,91.24,29,27
euee18526718,Female,ADDIS ABABA UNIVERSITY,Computer Science,1,2018 End Year,40.0,0,0,0,Fail,Fail,-10.0,8.91,316,225
euee18520518,Female,ADDIS ABABA UNIVERSITY,Computer Science,1,2018 End Year,64.0,0,0,0,Pass,Pass,14.0,46.98,179,138
euee18520618,Female,ADDIS ABABA UNIVERSITY,Computer Science,1,2018 End Year,67.0,0,0,0,Pass,Pass,17.0,59.48,136,109
euee18520718,Male,ADDIS ABABA UNIVERSITY,Computer Science,1,2018 End Year,73.0,0,0,0,Pass,Pass,23.0,88.36,35,32
euee18520818,Male,ADDIS ABABA UNIVERSITY,Computer Science,1,2018 End Year,69.0,0,0,0,Pass,Pass,19.0,68.25,105,81
euee18520918,Male,ADDIS ABABA UNIVERSITY,Computer Science,1,2018 End Year,76.0,0,0,0,Pass,Pass,26.0,95.4,14,13
euee18521018,Male,ADDIS ABABA UNIVERSITY,Computer Science,1,2018 End Year,72.0,0,0,0,Pass,Pass,22.0,84.05,49,43
euee18526818,Male,ADDIS ABABA UNIVERSITY,Computer Science,1,2018 End Year,59.0,0,0,0,Pass,Pass,9.0,36.21,217,162
euee18521118,Male,ADDIS ABABA UNIVERSITY,Computer Science,1,2018 End Year,66.0,0,0,0,Pass,Pass,16.0,55.03,149,119
euee18521218,Male,ADDIS ABABA UNIVERSITY,Computer Science,1,2018 End Year,66.0,0,0,0,Pass,Pass,16.0,55.03,149,119
euee18521318,Male,ADDIS ABABA UNIVERSITY,Computer Science,1,2018 End Year,71.0,0,0,0,Pass,Pass,21.0,79.45,65,54
euee18521418,Male,ADDIS ABABA UNIVERSITY,Computer Science,1,2018 End Year,55.0,0,0,0,Pass,Pass,5.0,26.01,256,187
euee18521518,Male,ADDIS ABABA UNIVERSITY,Computer Science,1,2018 End Year,68.0,0,0,0,Pass,Pass,18.0,63.79,119,94
euee18521618,Male,ADDIS ABABA UNIVERSITY,Computer Science,1,2018 End Year,69.0,0,0,0,Pass,Pass,19.0,68.25,105,81
euee18526918,Male,ADDIS ABABA UNIVERSITY,Computer Science,1,2018 End Year,55.0,0,0,0,Pass,Pass,5.0,26.01,256,187
euee18521718,Male,ADDIS ABABA UNIVERSITY,Computer Science,1,2018 End Year,69.0,0,0,0,Pass,Pass,19.0,68.25,105,81
euee18527018,Male,ADDIS ABABA UNIVERSITY,Computer Science,1,2018 End Year,45.0,0,0,0,Fail,Fail,-5.0,13.07,301,212
euee18527118,Female,ADDIS ABABA UNIVERSITY,Computer Science,1,2018 End Year,55.0,0,0,0,Pass,Pass,5.0,26.01,256,187
euee18527218,Female,ADDIS ABABA UNIVERSITY,Computer Science,1,2018 End Year,44.0,0,0,0,Fail,Fail,-6.0,11.93,307,217
euee18521818,Male,ADDIS ABABA UNIVERSITY,Computer Science,1,2018 End Year,69.0,0,0,0,Pass,Pass,19.0,68.25,105,81
euee18521918,Male,ADDIS ABABA UNIVERSITY,Computer Science,1,2018 End Year,76.0,0,0,0,Pass,Pass,26.0,95.4,14,13
euee18522018,Male,ADDIS ABABA UNIVERSITY,Computer Science,1,2018 End Year,57.0,0,0,0,Pass,Pass,7.0,30.32,238,176
